dataset,dataset_label,seed,explainer,segment,valid_cf_found,history_pop_median,sps,cf_pce
ML1M,ML1M,0,lxr,niche,True,0.9265010356903076,0.375,0.375
ML1M,ML1M,0,lxr,niche,True,0.9123040437698364,0.196969696969697,0.1969697014400453
ML1M,ML1M,0,lxr,niche,True,0.8240904808044434,0.3206572769953052,0.3206572814656535
ML1M,ML1M,0,lxr,niche,False,0.6708074808120728,,
ML1M,ML1M,0,lxr,niche,False,0.934338927268982,,
ML1M,ML1M,0,lxr,mainstream,True,0.9723454713821412,0.5,0.5
ML1M,ML1M,0,lxr,niche,False,0.7383909821510315,,
ML1M,ML1M,0,lxr,niche,False,0.9026914834976196,,
ML1M,ML1M,0,lxr,niche,True,0.9127477407455444,0.2222222222222222,0.2222222222222222
ML1M,ML1M,0,lxr,niche,True,0.9404022693634032,0.5,0.5
ML1M,ML1M,0,lxr,mainstream,True,0.97500741481781,0.4791666666666667,0.4791666666666667
ML1M,ML1M,0,lxr,mainstream,False,0.9571132659912108,,
ML1M,ML1M,0,lxr,niche,True,0.7814255952835083,0.2678571428571428,0.2678571428571428
ML1M,ML1M,0,lxr,niche,False,0.8774031400680542,,
ML1M,ML1M,0,lxr,mainstream,True,0.9445430636405944,0.4653846153846154,0.4653846153846154
ML1M,ML1M,0,lxr,mainstream,True,0.9419550895690918,0.490566037735849,0.490566037735849
ML1M,ML1M,0,lxr,niche,False,0.8811002969741821,,
ML1M,ML1M,0,lxr,mainstream,False,0.9606625437736512,,
ML1M,ML1M,0,lxr,niche,True,0.920437753200531,0.2241379310344827,0.2241379310344827
ML1M,ML1M,0,lxr,niche,True,0.8830227851867676,0.5,0.5
ML1M,ML1M,0,lxr,niche,True,0.906092882156372,0.3194444444444443,0.3194444494114981
ML1M,ML1M,0,lxr,mainstream,True,0.9856551289558412,0.4285714285714286,0.4285714285714285
ML1M,ML1M,0,lxr,niche,True,0.850931704044342,0.4785932721712539,0.4785932771383076
ML1M,ML1M,0,lxr,mainstream,True,0.9432860016822816,0.5,0.5
ML1M,ML1M,0,lxr,mainstream,True,0.9529724717140198,0.5,0.5
ML1M,ML1M,0,lxr,niche,True,0.9008429646492004,0.1388888888888888,0.1388888888888888
ML1M,ML1M,0,lxr,mainstream,True,0.9089027047157288,0.4883177570093459,0.4883177570093459
ML1M,ML1M,0,lxr,niche,True,0.862984299659729,0.5,0.5
ML1M,ML1M,0,lxr,mainstream,True,0.9371487498283386,0.439873417721519,0.4398734177215189
ML1M,ML1M,0,lxr,mainstream,False,0.9369269609451294,,
ML1M,ML1M,0,lxr,mainstream,False,0.9430641531944276,,
ML1M,ML1M,0,lxr,mainstream,True,0.95977520942688,0.1578947368421052,0.1578947368421052
ML1M,ML1M,0,lxr,niche,False,0.9383318424224854,,
ML1M,ML1M,0,lxr,niche,False,0.8803608417510986,,
ML1M,ML1M,0,lxr,mainstream,True,0.943803608417511,0.4599999999999999,0.46
ML1M,ML1M,0,lxr,niche,False,0.9198461771011353,,
ML1M,ML1M,0,lxr,mainstream,False,0.9492753744125366,,
ML1M,ML1M,0,lxr,mainstream,True,0.9662082195281982,0.5,0.5
ML1M,ML1M,0,lxr,niche,False,0.8459035754203796,,
ML1M,ML1M,0,lxr,niche,False,0.7840875387191772,,
ML1M,ML1M,0,lxr,niche,False,0.6418219804763794,,
ML1M,ML1M,0,lxr,niche,True,0.9155575037002563,0.2191358024691357,0.2191358024691357
ML1M,ML1M,0,lxr,mainstream,False,0.9455782175064088,,
ML1M,ML1M,0,lxr,niche,False,0.8444247245788574,,
ML1M,ML1M,0,lxr,niche,True,0.8438332080841064,0.3500000000000001,0.35
ML1M,ML1M,0,lxr,mainstream,False,0.974785566329956,,
ML1M,ML1M,0,lxr,mainstream,True,0.9392191767692566,0.5,0.5
ML1M,ML1M,0,lxr,niche,False,0.9505324363708496,,
ML1M,ML1M,0,lxr,mainstream,False,0.9475007653236388,,
ML1M,ML1M,0,lxr,niche,False,0.8803608417510986,,
ML1M,ML1M,0,lxr,niche,False,0.899290144443512,,
ML1M,ML1M,0,lxr,niche,True,0.8669033050537109,0.4491525423728814,0.4491525423728814
ML1M,ML1M,0,lxr,niche,True,0.8880508542060852,0.1678743961352656,0.1678743961352656
ML1M,ML1M,0,lxr,mainstream,False,0.9065365195274352,,
ML1M,ML1M,0,lxr,mainstream,False,0.9094942808151244,,
ML1M,ML1M,0,lxr,niche,False,0.8986985683441162,,
ML1M,ML1M,0,lxr,mainstream,False,0.9577048420906068,,
ML1M,ML1M,0,lxr,niche,False,0.7102928161621094,,
ML1M,ML1M,0,lxr,mainstream,True,0.96983140707016,0.4777777777777778,0.4777777827448315
ML1M,ML1M,0,lxr,niche,False,0.8582520484924316,,
ML1M,ML1M,0,lxr,mainstream,True,0.930937647819519,0.4637681159420289,0.4637681209090827
ML1M,ML1M,0,lxr,mainstream,False,0.9470570683479308,,
ML1M,ML1M,0,lxr,mainstream,True,0.9821059107780457,0.5,0.5
ML1M,ML1M,0,lxr,niche,False,0.9274622797966005,,
ML1M,ML1M,0,lxr,mainstream,True,0.9883909821510316,0.3888888888888888,0.3888888888888889
ML1M,ML1M,0,lxr,niche,False,0.8358473777770996,,
ML1M,ML1M,0,lxr,mainstream,True,0.9626590013504028,0.5,0.5
ML1M,ML1M,0,lxr,mainstream,True,0.9735285639762878,0.25,0.2500000049670537
ML1M,ML1M,0,lxr,mainstream,True,0.9849157333374025,0.0526315789473683,0.0657894736842105
ML1M,ML1M,0,lxr,mainstream,True,0.9523809552192688,0.487012987012987,0.487012987012987
ML1M,ML1M,0,lxr,mainstream,False,0.9813664555549622,,
ML1M,ML1M,0,lxr,niche,True,0.9170364141464232,0.4166666666666667,0.4166666666666666
ML1M,ML1M,0,lxr,niche,False,0.8935226202011108,,
ML1M,ML1M,0,lxr,mainstream,True,0.96983140707016,0.3999999999999999,0.3999999999999999
ML1M,ML1M,0,lxr,niche,False,0.8669033050537109,,
ML1M,ML1M,0,lxr,mainstream,False,0.9547470808029176,,
ML1M,ML1M,0,lxr,mainstream,False,0.916740655899048,,
ML1M,ML1M,0,lxr,mainstream,False,0.9243566989898682,,
ML1M,ML1M,0,lxr,niche,False,0.9000295996665955,,
ML1M,ML1M,0,lxr,mainstream,True,0.9760425686836244,0.3877551020408163,0.3877551020408163
ML1M,ML1M,0,lxr,mainstream,False,0.9352262616157532,,
ML1M,ML1M,0,lxr,niche,False,0.8864241242408752,,
ML1M,ML1M,0,lxr,niche,True,0.8986246585845947,0.28125,0.2812500049670537
ML1M,ML1M,0,lxr,niche,False,0.910973072052002,,
ML1M,ML1M,0,lxr,mainstream,False,0.9445430636405944,,
ML1M,ML1M,0,lxr,mainstream,False,0.9651730060577391,,
ML1M,ML1M,0,lxr,niche,False,0.8723750114440918,,
ML1M,ML1M,0,lxr,niche,False,0.7991718053817749,,
ML1M,ML1M,0,lxr,mainstream,True,0.9482401609420776,0.4900990099009901,0.4900990099009901
ML1M,ML1M,0,lxr,mainstream,True,0.959553360939026,0.5,0.5
ML1M,ML1M,0,lxr,mainstream,True,0.9524549245834352,0.475,0.475
ML1M,ML1M,0,lxr,mainstream,True,0.9288672208786012,0.4943820224719101,0.4943820224719101
ML1M,ML1M,0,lxr,niche,False,0.8677905797958374,,
ML1M,ML1M,0,lxr,mainstream,True,0.9501626491546632,0.2401960784313725,0.2401960784313725
ML1M,ML1M,0,lxr,mainstream,True,0.9627329111099244,0.0555555555555555,0.1944444444444444
ML1M,ML1M,0,lxr,niche,True,0.9291629791259766,0.4166666666666666,0.4166666666666666
ML1M,ML1M,0,lxr,mainstream,False,0.9244306683540344,,
ML1M,ML1M,0,lxr,niche,True,0.885980486869812,0.4814432989690722,0.4814433034394206
ML1M,ML1M,0,lxr,niche,False,0.942176878452301,,
ML1M,ML1M,0,lxr,mainstream,False,0.9652469754219056,,
ML1M,ML1M,0,lxr,mainstream,True,0.9604406952857972,0.5,0.5
ML1M,ML1M,0,lxr,mainstream,True,0.9516414999961852,0.4902912621359223,0.4902912621359223
ML1M,ML1M,0,lxr,niche,False,0.8498964905738831,,
ML1M,ML1M,0,lxr,niche,True,0.8787341117858887,0.493421052631579,0.493421052631579
ML1M,ML1M,0,lxr,mainstream,False,0.9727891087532043,,
ML1M,ML1M,0,lxr,niche,True,0.8397663235664368,0.4747474747474747,0.4747474747474747
ML1M,ML1M,0,lxr,mainstream,True,0.9748595356941224,-0.1521739130434782,0.1521739130434782
ML1M,ML1M,0,lxr,mainstream,True,0.9593315720558168,0.5,0.5
ML1M,ML1M,0,lxr,mainstream,True,0.9900916814804076,0.3181818181818181,0.3181818226521665
ML1M,ML1M,0,lxr,mainstream,False,0.9659863710403442,,
ML1M,ML1M,0,lxr,mainstream,False,0.9881691932678224,,
ML1M,ML1M,0,lxr,mainstream,False,0.9659863710403442,,
ML1M,ML1M,0,lxr,niche,True,0.9188109636306764,0.5,0.5
ML1M,ML1M,0,lxr,niche,True,0.9182934165000916,0.4038461538461538,0.4038461538461538
ML1M,ML1M,0,lxr,niche,True,0.864241361618042,0.494047619047619,0.494047619047619
ML1M,ML1M,0,lxr,niche,True,0.8819875717163086,0.3728571428571429,0.3728571428571428
ML1M,ML1M,0,lxr,mainstream,False,0.9137828946113586,,
ML1M,ML1M,0,lxr,niche,True,0.8583259582519531,0.4814814814814814,0.4814814864485352
ML1M,ML1M,0,lxr,niche,False,0.8538894057273865,,
ML1M,ML1M,0,lxr,niche,True,0.9501626491546632,0.297979797979798,0.2979798029468517
ML1M,ML1M,0,lxr,niche,False,0.8760721683502197,,
ML1M,ML1M,0,lxr,niche,True,0.9260573983192444,0.4420289855072464,0.4420289899775947
ML1M,ML1M,0,lxr,niche,False,0.8410233855247498,,
ML1M,ML1M,0,lxr,niche,False,0.8152913451194763,,
ML1M,ML1M,0,lxr,mainstream,False,0.896628201007843,,
ML1M,ML1M,0,lxr,mainstream,False,0.9318249225616456,,
ML1M,ML1M,0,lxr,mainstream,False,0.9486837983131408,,
ML1M,ML1M,0,lxr,niche,False,0.873853862285614,,
ML1M,ML1M,0,lxr,niche,False,0.876515805721283,,
ML1M,ML1M,0,lxr,niche,False,0.9335995316505432,,
ML1M,ML1M,0,lxr,niche,False,0.8716356158256531,,
ML1M,ML1M,0,lxr,niche,True,0.9002513885498047,0.3879310344827587,0.3879310344827586
ML1M,ML1M,0,lxr,mainstream,True,0.9719017744064332,0.3571428571428572,0.3571428571428571
ML1M,ML1M,0,lxr,niche,True,0.9355220198631288,0.2903225806451612,0.2903225806451612
ML1M,ML1M,0,lxr,mainstream,False,0.8945578336715698,,
ML1M,ML1M,0,lxr,niche,False,0.9504584074020386,,
ML1M,ML1M,0,lxr,mainstream,True,0.9742679595947266,0.5,0.5
ML1M,ML1M,0,lxr,mainstream,False,0.9582963585853576,,
ML1M,ML1M,0,lxr,niche,False,0.9228038787841796,,
ML1M,ML1M,0,lxr,mainstream,False,0.9627329111099244,,
ML1M,ML1M,0,lxr,mainstream,False,0.9727891087532043,,
ML1M,ML1M,0,lxr,mainstream,True,0.9758946895599364,0.4821428571428571,0.4821428571428571
ML1M,ML1M,0,lxr,niche,False,0.8358473777770996,,
ML1M,ML1M,0,lxr,mainstream,True,0.9853593707084656,0.2777777777777778,0.2777777777777778
ML1M,ML1M,0,lxr,mainstream,True,0.9606624841690063,0.5,0.5
ML1M,ML1M,0,lxr,niche,True,0.8803608417510986,-0.0444444444444444,0.0711111060447163
ML1M,ML1M,0,lxr,mainstream,True,0.9293108582496644,0.5,0.5
ML1M,ML1M,0,lxr,niche,True,0.8598048090934753,0.5,0.5
ML1M,ML1M,0,lxr,niche,False,0.7883762121200562,,
ML1M,ML1M,0,lxr,niche,False,0.9052795171737672,,
ML1M,ML1M,0,lxr,mainstream,False,0.9602188467979432,,
ML1M,ML1M,0,lxr,niche,True,0.7873409986495972,0.1666666666666666,0.1666666666666666
ML1M,ML1M,0,lxr,niche,False,0.8837621808052063,,
ML1M,ML1M,0,lxr,niche,True,0.7478556632995605,0.5,0.5
ML1M,ML1M,0,lxr,mainstream,True,0.934560775756836,0.2058823529411764,0.2058823529411764
ML1M,ML1M,0,lxr,mainstream,False,0.9497190117836,,
ML1M,ML1M,0,lxr,mainstream,True,0.9949719309806824,0.0925925925925926,0.1296296213512067
ML1M,ML1M,0,lxr,mainstream,True,0.9330080151557922,0.472972972972973,0.4729729729729729
ML1M,ML1M,0,lxr,mainstream,True,0.9556344151496888,0.3164705882352943,0.3164705927056425
ML1M,ML1M,0,lxr,niche,True,0.8914522528648376,0.445631067961165,0.4456310724315134
ML1M,ML1M,0,lxr,mainstream,True,0.951197862625122,0.5,0.5
ML1M,ML1M,0,lxr,niche,False,0.8874592781066895,,
ML1M,ML1M,0,lxr,mainstream,True,0.943803608417511,0.4387755102040817,0.4387755102040817
ML1M,ML1M,0,lxr,mainstream,False,0.9404022693634032,,
ML1M,ML1M,0,lxr,niche,False,0.9239869713783264,,
ML1M,ML1M,0,lxr,niche,False,0.8995859622955322,,
ML1M,ML1M,0,lxr,mainstream,True,0.9781129956245422,0.1285714285714285,0.1285714285714285
ML1M,ML1M,0,lxr,mainstream,True,0.9541555643081664,0.4767441860465116,0.4767441860465116
ML1M,ML1M,0,lxr,niche,True,0.93803608417511,0.5,0.5
ML1M,ML1M,0,lxr,niche,False,0.8325939178466797,,
ML1M,ML1M,0,lxr,mainstream,True,0.9371487498283386,0.4906542056074766,0.4906542056074766
ML1M,ML1M,0,lxr,mainstream,False,0.9097900390625,,
ML1M,ML1M,0,lxr,niche,False,0.9260573983192444,,
ML1M,ML1M,0,lxr,niche,True,0.8846495151519775,0.4845320959010054,0.4845321008680591
ML1M,ML1M,0,lxr,niche,True,0.9387755393981934,0.2307692307692307,0.2307692307692307
ML1M,ML1M,0,lxr,niche,False,0.906092882156372,,
ML1M,ML1M,0,lxr,niche,False,0.8554421663284302,,
ML1M,ML1M,0,lxr,mainstream,True,0.9272404909133912,0.3623853211009173,0.3623853255712658
ML1M,ML1M,0,lxr,niche,False,0.8649807572364807,,
ML1M,ML1M,0,lxr,niche,False,0.942176878452301,,
ML1M,ML1M,0,lxr,niche,False,0.8608399629592896,,
ML1M,ML1M,0,lxr,niche,False,0.8331854343414307,,
ML1M,ML1M,0,lxr,niche,True,0.9170363545417786,0.4772727272727273,0.4772727272727273
ML1M,ML1M,0,lxr,niche,False,0.865646243095398,,
ML1M,ML1M,0,lxr,mainstream,False,0.8972197771072388,,
ML1M,ML1M,0,lxr,niche,True,0.8714877367019653,0.2652582159624413,0.2652582209294951
ML1M,ML1M,0,lxr,mainstream,False,0.9307897090911864,,
ML1M,ML1M,0,lxr,mainstream,True,0.9233954548835754,0.4961089494163424,0.4961089494163424
ML1M,ML1M,0,lxr,niche,False,0.8834664225578308,,
ML1M,ML1M,0,lxr,mainstream,False,0.900916874408722,,
ML1M,ML1M,0,lxr,mainstream,False,0.8962584733963013,,
ML1M,ML1M,0,lxr,mainstream,False,0.929680585861206,,
ML1M,ML1M,0,lxr,niche,True,0.8787341117858887,0.2304964539007091,0.2304964588677629
ML1M,ML1M,0,lxr,mainstream,True,0.9335995316505432,0.3545454545454545,0.3545454545454545
ML1M,ML1M,0,lxr,niche,True,0.8306714296340942,0.2835051546391752,0.2835051546391752
ML1M,ML1M,0,lxr,mainstream,False,0.9683525562286376,,
ML1M,ML1M,0,lxr,mainstream,True,0.960218906402588,0.5,0.5
ML1M,ML1M,0,lxr,mainstream,True,0.989352285861969,0.4565217391304348,0.4565217391304347
ML1M,ML1M,0,lxr,mainstream,False,0.9119343757629396,,
ML1M,ML1M,0,lxr,mainstream,False,0.953490138053894,,
ML1M,ML1M,0,loo,niche,True,0.9265010356903076,0.4435483870967742,0.4435483870967742
ML1M,ML1M,0,loo,niche,True,0.9123040437698364,-0.0757575757575757,0.0757575757575757
ML1M,ML1M,0,loo,niche,True,0.8240904808044434,0.2809076682316119,0.2809076731986656
ML1M,ML1M,0,loo,niche,False,0.6708074808120728,,
ML1M,ML1M,0,loo,niche,True,0.934338927268982,0.4210526315789473,0.4210526315789473
ML1M,ML1M,0,loo,mainstream,True,0.9723454713821412,0.3333333333333333,0.3333333333333333
ML1M,ML1M,0,loo,niche,True,0.7383909821510315,-0.3421052631578947,0.3421052631578947
ML1M,ML1M,0,loo,niche,False,0.9026914834976196,,
ML1M,ML1M,0,loo,niche,True,0.9127477407455444,0.0277777777777777,0.111111111111111
ML1M,ML1M,0,loo,niche,True,0.9404022693634032,0.5,0.5
ML1M,ML1M,0,loo,mainstream,True,0.97500741481781,0.3333333333333333,0.3333333333333333
ML1M,ML1M,0,loo,mainstream,False,0.9571132659912108,,
ML1M,ML1M,0,loo,niche,True,0.7814255952835083,0.2380952380952381,0.2380952430622918
ML1M,ML1M,0,loo,niche,True,0.8774031400680542,0.2560975609756097,0.2560975609756097
ML1M,ML1M,0,loo,mainstream,True,0.9445430636405944,0.5,0.5
ML1M,ML1M,0,loo,mainstream,True,0.9419550895690918,0.4952830188679245,0.4952830188679245
ML1M,ML1M,0,loo,niche,False,0.8811002969741821,,
ML1M,ML1M,0,loo,mainstream,True,0.9606625437736512,0.1396396396396396,0.1786786869571015
ML1M,ML1M,0,loo,niche,True,0.920437753200531,0.5,0.5
ML1M,ML1M,0,loo,niche,True,0.8830227851867676,0.5,0.5
ML1M,ML1M,0,loo,niche,True,0.906092882156372,0.1979166666666666,0.1979166666666666
ML1M,ML1M,0,loo,mainstream,False,0.9856551289558412,,
ML1M,ML1M,0,loo,niche,True,0.850931704044342,0.4541284403669725,0.4541284403669725
ML1M,ML1M,0,loo,mainstream,True,0.9432860016822816,0.4291666666666667,0.4291666666666667
ML1M,ML1M,0,loo,mainstream,True,0.9529724717140198,0.5,0.5
ML1M,ML1M,0,loo,niche,True,0.9008429646492004,-0.1944444444444444,0.1944444394773907
ML1M,ML1M,0,loo,mainstream,True,0.9089027047157288,0.4532710280373832,0.4532710280373832
ML1M,ML1M,0,loo,niche,True,0.862984299659729,0.5,0.5
ML1M,ML1M,0,loo,mainstream,True,0.9371487498283386,0.4240506329113924,0.4240506329113924
ML1M,ML1M,0,loo,mainstream,True,0.9369269609451294,0.3460526315789474,0.3460526360492957
ML1M,ML1M,0,loo,mainstream,True,0.9430641531944276,0.1164102564102564,0.2271794970142536
ML1M,ML1M,0,loo,mainstream,False,0.95977520942688,,
ML1M,ML1M,0,loo,niche,False,0.9383318424224854,,
ML1M,ML1M,0,loo,niche,False,0.8803608417510986,,
ML1M,ML1M,0,loo,mainstream,True,0.943803608417511,0.5,0.5
ML1M,ML1M,0,loo,niche,True,0.9198461771011353,0.1755555555555555,0.1977777828441725
ML1M,ML1M,0,loo,mainstream,False,0.9492753744125366,,
ML1M,ML1M,0,loo,mainstream,True,0.9662082195281982,0.2727272727272728,0.2727272776943265
ML1M,ML1M,0,loo,niche,False,0.8459035754203796,,
ML1M,ML1M,0,loo,niche,True,0.7840875387191772,0.0687979539641943,0.0979539686647217
ML1M,ML1M,0,loo,niche,False,0.6418219804763794,,
ML1M,ML1M,0,loo,niche,False,0.9155575037002563,,
ML1M,ML1M,0,loo,mainstream,False,0.9455782175064088,,
ML1M,ML1M,0,loo,niche,True,0.8444247245788574,-0.0128205128205128,0.0128205128205128
ML1M,ML1M,0,loo,niche,True,0.8438332080841064,0.4428571428571428,0.4428571428571428
ML1M,ML1M,0,loo,mainstream,False,0.974785566329956,,
ML1M,ML1M,0,loo,mainstream,True,0.9392191767692566,0.4499999999999999,0.4499999999999999
ML1M,ML1M,0,loo,niche,True,0.9505324363708496,0.0178571428571429,0.1071428571428571
ML1M,ML1M,0,loo,mainstream,False,0.9475007653236388,,
ML1M,ML1M,0,loo,niche,True,0.8803608417510986,-0.106060606060606,0.1767676684892538
ML1M,ML1M,0,loo,niche,False,0.899290144443512,,
ML1M,ML1M,0,loo,niche,True,0.8669033050537109,0.4703389830508475,0.4703389830508475
ML1M,ML1M,0,loo,niche,True,0.8880508542060852,-0.002415458937198,0.1751207729468599
ML1M,ML1M,0,loo,mainstream,False,0.9065365195274352,,
ML1M,ML1M,0,loo,mainstream,False,0.9094942808151244,,
ML1M,ML1M,0,loo,niche,False,0.8986985683441162,,
ML1M,ML1M,0,loo,mainstream,False,0.9577048420906068,,
ML1M,ML1M,0,loo,niche,True,0.7102928161621094,-0.0680672268907562,0.1084033658148861
ML1M,ML1M,0,loo,mainstream,True,0.96983140707016,0.4222222222222223,0.4222222222222222
ML1M,ML1M,0,loo,niche,True,0.8582520484924316,0.1666666666666666,0.1666666716337204
ML1M,ML1M,0,loo,mainstream,True,0.930937647819519,0.4891304347826086,0.4891304347826087
ML1M,ML1M,0,loo,mainstream,True,0.9470570683479308,-0.0148936170212765,0.1663829885581706
ML1M,ML1M,0,loo,mainstream,True,0.9821059107780457,0.3428571428571428,0.3428571428571428
ML1M,ML1M,0,loo,niche,False,0.9274622797966005,,
ML1M,ML1M,0,loo,mainstream,True,0.9883909821510316,0.4027777777777778,0.4027777777777778
ML1M,ML1M,0,loo,niche,True,0.8358473777770996,0.1329113924050633,0.1329113924050632
ML1M,ML1M,0,loo,mainstream,True,0.9626590013504028,0.4192708333333333,0.4192708383003871
ML1M,ML1M,0,loo,mainstream,True,0.9735285639762878,0.1166666666666668,0.126666676501433
ML1M,ML1M,0,loo,mainstream,True,0.9849157333374025,0.1947368421052631,0.1947368465756115
ML1M,ML1M,0,loo,mainstream,True,0.9523809552192688,0.5,0.5
ML1M,ML1M,0,loo,mainstream,False,0.9813664555549622,,
ML1M,ML1M,0,loo,niche,True,0.9170364141464232,0.4291666666666667,0.4291666666666667
ML1M,ML1M,0,loo,niche,False,0.8935226202011108,,
ML1M,ML1M,0,loo,mainstream,True,0.96983140707016,0.36,0.36
ML1M,ML1M,0,loo,niche,False,0.8669033050537109,,
ML1M,ML1M,0,loo,mainstream,False,0.9547470808029176,,
ML1M,ML1M,0,loo,mainstream,True,0.916740655899048,0.0833333333333333,0.0937499999999999
ML1M,ML1M,0,loo,mainstream,False,0.9243566989898682,,
ML1M,ML1M,0,loo,niche,True,0.9000295996665955,0.0219512195121951,0.0795122049567176
ML1M,ML1M,0,loo,mainstream,True,0.9760425686836244,0.1870748299319728,0.1893424119065408
ML1M,ML1M,0,loo,mainstream,False,0.9352262616157532,,
ML1M,ML1M,0,loo,niche,False,0.8864241242408752,,
ML1M,ML1M,0,loo,niche,True,0.8986246585845947,0.1145833333333333,0.114583338300387
ML1M,ML1M,0,loo,niche,True,0.910973072052002,0.0714285714285714,0.1785714285714285
ML1M,ML1M,0,loo,mainstream,True,0.9445430636405944,0.423728813559322,0.423728813559322
ML1M,ML1M,0,loo,mainstream,False,0.9651730060577391,,
ML1M,ML1M,0,loo,niche,True,0.8723750114440918,-0.2244094488188976,0.2244094488188976
ML1M,ML1M,0,loo,niche,True,0.7991718053817749,0.1540697674418605,0.1540697674418605
ML1M,ML1M,0,loo,mainstream,False,0.9482401609420776,,
ML1M,ML1M,0,loo,mainstream,True,0.959553360939026,0.2073170731707316,0.2073170731707317
ML1M,ML1M,0,loo,mainstream,True,0.9524549245834352,0.5,0.5
ML1M,ML1M,0,loo,mainstream,True,0.9288672208786012,0.5,0.5
ML1M,ML1M,0,loo,niche,False,0.8677905797958374,,
ML1M,ML1M,0,loo,mainstream,True,0.9501626491546632,0.4215686274509804,0.4215686274509804
ML1M,ML1M,0,loo,mainstream,True,0.9627329111099244,0.4444444444444444,0.4444444444444444
ML1M,ML1M,0,loo,niche,True,0.9291629791259766,0.4166666666666666,0.4166666666666666
ML1M,ML1M,0,loo,mainstream,True,0.9244306683540344,0.5,0.5
ML1M,ML1M,0,loo,niche,True,0.885980486869812,0.2487113402061855,0.2570876288659793
ML1M,ML1M,0,loo,niche,False,0.942176878452301,,
ML1M,ML1M,0,loo,mainstream,True,0.9652469754219056,-0.2647058823529412,0.2647058823529412
ML1M,ML1M,0,loo,mainstream,True,0.9604406952857972,-0.1111111111111111,0.1428571511355657
ML1M,ML1M,0,loo,mainstream,True,0.9516414999961852,0.5,0.5
ML1M,ML1M,0,loo,niche,True,0.8498964905738831,0.2509433962264151,0.2509434006967634
ML1M,ML1M,0,loo,niche,True,0.8787341117858887,0.2763157894736842,0.2763157944407379
ML1M,ML1M,0,loo,mainstream,False,0.9727891087532043,,
ML1M,ML1M,0,loo,niche,True,0.8397663235664368,0.265993265993266,0.2659932709603197
ML1M,ML1M,0,loo,mainstream,False,0.9748595356941224,,
ML1M,ML1M,0,loo,mainstream,True,0.9593315720558168,0.3714285714285714,0.3714285714285714
ML1M,ML1M,0,loo,mainstream,True,0.9900916814804076,0.2727272727272727,0.2727272727272727
ML1M,ML1M,0,loo,mainstream,True,0.9659863710403442,0.2058823529411765,0.2058823529411765
ML1M,ML1M,0,loo,mainstream,False,0.9881691932678224,,
ML1M,ML1M,0,loo,mainstream,False,0.9659863710403442,,
ML1M,ML1M,0,loo,niche,True,0.9188109636306764,0.5,0.5
ML1M,ML1M,0,loo,niche,True,0.9182934165000916,0.3461538461538461,0.3461538461538461
ML1M,ML1M,0,loo,niche,True,0.864241361618042,-0.4642857142857143,0.4642857142857143
ML1M,ML1M,0,loo,niche,True,0.8819875717163086,0.4714285714285714,0.4714285714285714
ML1M,ML1M,0,loo,mainstream,False,0.9137828946113586,,
ML1M,ML1M,0,loo,niche,True,0.8583259582519531,0.3425925925925925,0.3425925925925925
ML1M,ML1M,0,loo,niche,False,0.8538894057273865,,
ML1M,ML1M,0,loo,niche,True,0.9501626491546632,0.4696969696969697,0.4696969696969697
ML1M,ML1M,0,loo,niche,False,0.8760721683502197,,
ML1M,ML1M,0,loo,niche,True,0.9260573983192444,0.3202898550724636,0.3202898595428121
ML1M,ML1M,0,loo,niche,False,0.8410233855247498,,
ML1M,ML1M,0,loo,niche,True,0.8152913451194763,0.2411347517730496,0.2411347567401033
ML1M,ML1M,0,loo,mainstream,False,0.896628201007843,,
ML1M,ML1M,0,loo,mainstream,False,0.9318249225616456,,
ML1M,ML1M,0,loo,mainstream,False,0.9486837983131408,,
ML1M,ML1M,0,loo,niche,False,0.873853862285614,,
ML1M,ML1M,0,loo,niche,True,0.876515805721283,0.0875,0.0875000044703483
ML1M,ML1M,0,loo,niche,True,0.9335995316505432,0.2,0.2000000049670537
ML1M,ML1M,0,loo,niche,True,0.8716356158256531,0.1541666666666665,0.154166671137015
ML1M,ML1M,0,loo,niche,True,0.9002513885498047,0.4655172413793103,0.4655172413793103
ML1M,ML1M,0,loo,mainstream,True,0.9719017744064332,0.373015873015873,0.3730158779829267
ML1M,ML1M,0,loo,niche,True,0.9355220198631288,0.3629032258064516,0.3629032258064516
ML1M,ML1M,0,loo,mainstream,False,0.8945578336715698,,
ML1M,ML1M,0,loo,niche,True,0.9504584074020386,-0.0909090909090908,0.0909090909090908
ML1M,ML1M,0,loo,mainstream,True,0.9742679595947266,0.4230769230769231,0.4230769230769231
ML1M,ML1M,0,loo,mainstream,False,0.9582963585853576,,
ML1M,ML1M,0,loo,niche,False,0.9228038787841796,,
ML1M,ML1M,0,loo,mainstream,False,0.9627329111099244,,
ML1M,ML1M,0,loo,mainstream,False,0.9727891087532043,,
ML1M,ML1M,0,loo,mainstream,True,0.9758946895599364,0.5,0.5
ML1M,ML1M,0,loo,niche,False,0.8358473777770996,,
ML1M,ML1M,0,loo,mainstream,True,0.9853593707084656,0.4444444444444444,0.4444444444444444
ML1M,ML1M,0,loo,mainstream,True,0.9606624841690063,0.5,0.5
ML1M,ML1M,0,loo,niche,True,0.8803608417510986,0.1851851851851851,0.1851851901522389
ML1M,ML1M,0,loo,mainstream,True,0.9293108582496644,0.4504950495049504,0.4504950495049504
ML1M,ML1M,0,loo,niche,True,0.8598048090934753,0.3571428571428572,0.3571428571428571
ML1M,ML1M,0,loo,niche,False,0.7883762121200562,,
ML1M,ML1M,0,loo,niche,True,0.9052795171737672,0.1746031746031745,0.1746031795702283
ML1M,ML1M,0,loo,mainstream,False,0.9602188467979432,,
ML1M,ML1M,0,loo,niche,True,0.7873409986495972,0.1296296296296296,0.1666666583882437
ML1M,ML1M,0,loo,niche,True,0.8837621808052063,0.1120527306967984,0.1120527356638522
ML1M,ML1M,0,loo,niche,True,0.7478556632995605,0.2333333333333332,0.2333333333333332
ML1M,ML1M,0,loo,mainstream,True,0.934560775756836,0.3921568627450981,0.3921568627450981
ML1M,ML1M,0,loo,mainstream,False,0.9497190117836,,
ML1M,ML1M,0,loo,mainstream,True,0.9949719309806824,-0.0555555555555555,0.0555555555555555
ML1M,ML1M,0,loo,mainstream,True,0.9330080151557922,0.4459459459459459,0.4459459459459459
ML1M,ML1M,0,loo,mainstream,True,0.9556344151496888,0.326470588235294,0.3264705882352941
ML1M,ML1M,0,loo,niche,True,0.8914522528648376,0.1990291262135922,0.1990291262135922
ML1M,ML1M,0,loo,mainstream,True,0.951197862625122,0.3838028169014085,0.3838028169014085
ML1M,ML1M,0,loo,niche,False,0.8874592781066895,,
ML1M,ML1M,0,loo,mainstream,True,0.943803608417511,0.3979591836734694,0.3979591836734694
ML1M,ML1M,0,loo,mainstream,True,0.9404022693634032,0.1313725490196079,0.1972549117955506
ML1M,ML1M,0,loo,niche,False,0.9239869713783264,,
ML1M,ML1M,0,loo,niche,True,0.8995859622955322,0.1875,0.1875
ML1M,ML1M,0,loo,mainstream,True,0.9781129956245422,0.4428571428571428,0.4428571428571428
ML1M,ML1M,0,loo,mainstream,True,0.9541555643081664,-0.3837209302325581,0.3837209302325581
ML1M,ML1M,0,loo,niche,True,0.93803608417511,0.5,0.5
ML1M,ML1M,0,loo,niche,False,0.8325939178466797,,
ML1M,ML1M,0,loo,mainstream,True,0.9371487498283386,0.4766355140186915,0.4766355140186916
ML1M,ML1M,0,loo,mainstream,False,0.9097900390625,,
ML1M,ML1M,0,loo,niche,False,0.9260573983192444,,
ML1M,ML1M,0,loo,niche,True,0.8846495151519775,0.074245939675174,0.175754060324826
ML1M,ML1M,0,loo,niche,True,0.9387755393981934,0.2788461538461538,0.2788461538461538
ML1M,ML1M,0,loo,niche,False,0.906092882156372,,
ML1M,ML1M,0,loo,niche,False,0.8554421663284302,,
ML1M,ML1M,0,loo,mainstream,True,0.9272404909133912,0.3807339449541285,0.3807339499211822
ML1M,ML1M,0,loo,niche,False,0.8649807572364807,,
ML1M,ML1M,0,loo,niche,False,0.942176878452301,,
ML1M,ML1M,0,loo,niche,True,0.8608399629592896,-0.1521739130434782,0.22850242373736
ML1M,ML1M,0,loo,niche,False,0.8331854343414307,,
ML1M,ML1M,0,loo,niche,True,0.9170363545417786,0.5,0.5
ML1M,ML1M,0,loo,niche,False,0.865646243095398,,
ML1M,ML1M,0,loo,mainstream,True,0.8972197771072388,0.1493827160493827,0.1493827210164364
ML1M,ML1M,0,loo,niche,True,0.8714877367019653,0.5,0.5
ML1M,ML1M,0,loo,mainstream,False,0.9307897090911864,,
ML1M,ML1M,0,loo,mainstream,True,0.9233954548835754,0.5,0.5
ML1M,ML1M,0,loo,niche,False,0.8834664225578308,,
ML1M,ML1M,0,loo,mainstream,False,0.900916874408722,,
ML1M,ML1M,0,loo,mainstream,False,0.8962584733963013,,
ML1M,ML1M,0,loo,mainstream,True,0.929680585861206,0.0590277777777777,0.1701388888888889
ML1M,ML1M,0,loo,niche,True,0.8787341117858887,0.0531914893617021,0.1075650200987538
ML1M,ML1M,0,loo,mainstream,True,0.9335995316505432,0.0999999999999999,0.0999999999999999
ML1M,ML1M,0,loo,niche,True,0.8306714296340942,0.5,0.5
ML1M,ML1M,0,loo,mainstream,True,0.9683525562286376,0.5,0.5
ML1M,ML1M,0,loo,mainstream,True,0.960218906402588,0.5,0.5
ML1M,ML1M,0,loo,mainstream,True,0.989352285861969,0.4420289855072464,0.4420289904743
ML1M,ML1M,0,loo,mainstream,False,0.9119343757629396,,
ML1M,ML1M,0,loo,mainstream,False,0.953490138053894,,
ML1M,ML1M,1,lxr,niche,True,0.8325939178466797,0.5,0.5
ML1M,ML1M,1,lxr,mainstream,False,0.942176878452301,,
ML1M,ML1M,1,lxr,mainstream,True,0.9593315720558168,0.3412698412698413,0.341269846236895
ML1M,ML1M,1,lxr,mainstream,False,0.9758946895599364,,
ML1M,ML1M,1,lxr,niche,False,0.9191067814826964,,
ML1M,ML1M,1,lxr,mainstream,True,0.9279798865318298,0.4913793103448276,0.4913793103448276
ML1M,ML1M,1,lxr,niche,False,0.8307453393936157,,
ML1M,ML1M,1,lxr,mainstream,True,0.9365572333335876,0.3805031446540879,0.3805031496211417
ML1M,ML1M,1,lxr,mainstream,False,0.9638420343399048,,
ML1M,ML1M,1,lxr,mainstream,False,0.9634723663330078,,
ML1M,ML1M,1,lxr,niche,False,0.8013161420822144,,
ML1M,ML1M,1,lxr,mainstream,False,0.929680585861206,,
ML1M,ML1M,1,lxr,niche,True,0.8056787848472595,0.2745901639344262,0.2745901639344262
ML1M,ML1M,1,lxr,niche,True,0.9335995316505432,0.2142857142857143,0.2142857142857142
ML1M,ML1M,1,lxr,niche,False,0.8718574047088623,,
ML1M,ML1M,1,lxr,mainstream,False,0.957704782485962,,
ML1M,ML1M,1,lxr,mainstream,False,0.9370747804641724,,
ML1M,ML1M,1,lxr,niche,False,0.9182934165000916,,
ML1M,ML1M,1,lxr,niche,False,0.8947057127952576,,
ML1M,ML1M,1,lxr,niche,False,0.8617272973060608,,
ML1M,ML1M,1,lxr,mainstream,False,0.9722715616226196,,
ML1M,ML1M,1,lxr,niche,False,0.906092882156372,,
ML1M,ML1M,1,lxr,mainstream,False,0.9497190117836,,
ML1M,ML1M,1,lxr,niche,False,0.8837621808052063,,
ML1M,ML1M,1,lxr,mainstream,True,0.9582963585853576,0.2282758620689654,0.2282758665393138
ML1M,ML1M,1,lxr,mainstream,False,0.9787045121192932,,
ML1M,ML1M,1,lxr,mainstream,True,0.9284235239028932,0.0779816513761468,0.1261467889908257
ML1M,ML1M,1,lxr,niche,False,0.8548506498336792,,
ML1M,ML1M,1,lxr,niche,False,0.8212067484855652,,
ML1M,ML1M,1,lxr,niche,False,0.8844276666641235,,
ML1M,ML1M,1,lxr,niche,True,0.8889381885528564,0.1270491803278688,0.1270491803278688
ML1M,ML1M,1,lxr,mainstream,True,0.954451322555542,0.2741935483870967,0.2741935483870967
ML1M,ML1M,1,lxr,niche,True,0.8837621808052063,0.4615384615384614,0.4615384615384615
ML1M,ML1M,1,lxr,niche,True,0.8746672868728638,0.3873134328358208,0.3873134373061692
ML1M,ML1M,1,lxr,niche,False,0.8296362161636353,,
ML1M,ML1M,1,lxr,mainstream,False,0.9404022693634032,,
ML1M,ML1M,1,lxr,mainstream,False,0.9367790222167968,,
ML1M,ML1M,1,lxr,mainstream,True,0.9754510521888732,0.5,0.5
ML1M,ML1M,1,lxr,mainstream,False,0.939514935016632,,
ML1M,ML1M,1,lxr,mainstream,False,0.9553386569023132,,
ML1M,ML1M,1,lxr,mainstream,True,0.9830671548843384,0.3333333333333332,0.3333333333333333
ML1M,ML1M,1,lxr,mainstream,False,0.9645814895629884,,
ML1M,ML1M,1,lxr,niche,False,0.8527802228927612,,
ML1M,ML1M,1,lxr,mainstream,True,0.9470570683479308,0.3103448275862068,0.3103448275862069
ML1M,ML1M,1,lxr,niche,False,0.8981070518493652,,
ML1M,ML1M,1,lxr,mainstream,False,0.9089027047157288,,
ML1M,ML1M,1,lxr,niche,False,0.918367326259613,,
ML1M,ML1M,1,lxr,mainstream,False,0.9494972229003906,,
ML1M,ML1M,1,lxr,mainstream,True,0.9860987663269044,0.3571428571428571,0.3571428621099108
ML1M,ML1M,1,lxr,niche,True,0.898476779460907,0.4583333333333333,0.4583333333333333
ML1M,ML1M,1,lxr,niche,True,0.919402539730072,0.4473684210526315,0.4473684210526315
ML1M,ML1M,1,lxr,niche,False,0.9291629791259766,,
ML1M,ML1M,1,lxr,niche,False,0.8787341117858887,,
ML1M,ML1M,1,lxr,niche,True,0.887237548828125,0.5,0.5
ML1M,ML1M,1,lxr,mainstream,False,0.9069801568984984,,
ML1M,ML1M,1,lxr,niche,False,0.8910085558891296,,
ML1M,ML1M,1,lxr,niche,True,0.8607660531997681,0.25,0.25
ML1M,ML1M,1,lxr,mainstream,False,0.9487577676773072,,
ML1M,ML1M,1,lxr,niche,True,0.8774031400680542,0.3658536585365853,0.3658536585365853
ML1M,ML1M,1,lxr,niche,True,0.9003252983093262,0.3444444444444444,0.3444444444444444
ML1M,ML1M,1,lxr,niche,False,0.9170364141464232,,
ML1M,ML1M,1,lxr,mainstream,False,0.9588878750801086,,
ML1M,ML1M,1,lxr,mainstream,True,0.9801833629608154,0.375,0.375
ML1M,ML1M,1,lxr,niche,True,0.8787341117858887,0.4276315789473685,0.4276315839144222
ML1M,ML1M,1,lxr,mainstream,True,0.9631766080856324,-0.0384615384615384,0.0384615384615384
ML1M,ML1M,1,lxr,mainstream,False,0.920437753200531,,
ML1M,ML1M,1,lxr,mainstream,True,0.9704229831695556,0.2777777777777778,0.2777777777777778
ML1M,ML1M,1,lxr,niche,True,0.9131913781166076,0.4490196078431373,0.449019612810191
ML1M,ML1M,1,lxr,mainstream,True,0.9412895441055298,0.2876712328767123,0.2876712328767123
ML1M,ML1M,1,lxr,mainstream,False,0.974563717842102,,
ML1M,ML1M,1,lxr,niche,False,0.9081632494926452,,
ML1M,ML1M,1,lxr,niche,False,0.8521147966384888,,
ML1M,ML1M,1,lxr,niche,False,0.8688257932662964,,
ML1M,ML1M,1,lxr,niche,True,0.8787341117858887,0.0168539325842697,0.0196629213483146
ML1M,ML1M,1,lxr,niche,False,0.913265347480774,,
ML1M,ML1M,1,lxr,mainstream,True,0.9228038787841796,0.1763005780346821,0.1763005780346821
ML1M,ML1M,1,lxr,mainstream,False,0.9912747740745544,,
ML1M,ML1M,1,lxr,mainstream,True,0.9137828946113586,0.4869281045751634,0.4869281045751634
ML1M,ML1M,1,lxr,mainstream,True,0.9525288343429564,0.3058823529411765,0.3058823574115248
ML1M,ML1M,1,lxr,mainstream,False,0.9404022693634032,,
ML1M,ML1M,1,lxr,niche,False,0.8247560262680054,,
ML1M,ML1M,1,lxr,mainstream,True,0.9233954548835754,0.3884565499351492,0.3884565549022029
ML1M,ML1M,1,lxr,mainstream,True,0.9778172373771667,0.2941176470588236,0.2941176470588235
ML1M,ML1M,1,lxr,niche,True,0.864832878112793,0.3888888888888888,0.3888888888888889
ML1M,ML1M,1,lxr,niche,False,0.9000295996665955,,
ML1M,ML1M,1,lxr,niche,False,0.865646243095398,,
ML1M,ML1M,1,lxr,niche,False,0.9233954548835754,,
ML1M,ML1M,1,lxr,niche,False,0.9361135959625244,,
ML1M,ML1M,1,lxr,mainstream,False,0.9859509468078612,,
ML1M,ML1M,1,lxr,niche,True,0.9018781185150146,0.1499999999999999,0.2
ML1M,ML1M,1,lxr,mainstream,False,0.9849157333374025,,
ML1M,ML1M,1,lxr,niche,False,0.8846495151519775,,
ML1M,ML1M,1,lxr,niche,True,0.925761580467224,0.127659574468085,0.127659574468085
ML1M,ML1M,1,lxr,niche,False,0.8410233855247498,,
ML1M,ML1M,1,lxr,niche,True,0.9225081205368042,0.2466216216216216,0.2466216216216216
ML1M,ML1M,1,lxr,mainstream,False,0.9821059107780457,,
ML1M,ML1M,1,lxr,niche,False,0.910973072052002,,
ML1M,ML1M,1,lxr,niche,False,0.884131908416748,,
ML1M,ML1M,1,lxr,niche,False,0.910825252532959,,
ML1M,ML1M,1,lxr,niche,False,0.8820614814758301,,
ML1M,ML1M,1,lxr,mainstream,False,0.9394409656524658,,
ML1M,ML1M,1,lxr,niche,True,0.8916740417480469,0.4868421052631578,0.4868421052631578
ML1M,ML1M,1,lxr,mainstream,False,0.9267967939376832,,
ML1M,ML1M,1,lxr,mainstream,False,0.942176878452301,,
ML1M,ML1M,1,lxr,niche,True,0.9020999670028688,0.1587301587301587,0.1587301636972124
ML1M,ML1M,1,lxr,mainstream,False,0.9370008707046508,,
ML1M,ML1M,1,lxr,mainstream,True,0.9358917474746704,0.3355263157894737,0.3355263157894737
ML1M,ML1M,1,lxr,mainstream,False,0.910973072052002,,
ML1M,ML1M,1,lxr,niche,False,0.7132505178451538,,
ML1M,ML1M,1,lxr,mainstream,False,0.9501626491546632,,
ML1M,ML1M,1,lxr,niche,True,0.9260573983192444,0.4456521739130434,0.4456521739130434
ML1M,ML1M,1,lxr,niche,False,0.8411712646484375,,
ML1M,ML1M,1,lxr,niche,False,0.8633540272712708,,
ML1M,ML1M,1,lxr,niche,False,0.8947796821594238,,
ML1M,ML1M,1,lxr,niche,False,0.8695651888847351,,
ML1M,ML1M,1,lxr,mainstream,False,0.9198461771011353,,
ML1M,ML1M,1,lxr,mainstream,False,0.9352262616157532,,
ML1M,ML1M,1,lxr,mainstream,False,0.9269446730613708,,
ML1M,ML1M,1,lxr,mainstream,False,0.9744158983230592,,
ML1M,ML1M,1,lxr,mainstream,False,0.909937858581543,,
ML1M,ML1M,1,lxr,niche,False,0.8433895111083984,,
ML1M,ML1M,1,lxr,mainstream,False,0.9526767134666444,,
ML1M,ML1M,1,lxr,niche,True,0.9233954548835754,0.4270588235294118,0.4270588279997601
ML1M,ML1M,1,lxr,mainstream,False,0.9171842336654664,,
ML1M,ML1M,1,lxr,niche,True,0.8837621808052063,0.3463276836158192,0.3463276880861676
ML1M,ML1M,1,lxr,mainstream,True,0.9488316774368286,0.4276315789473685,0.4276315789473685
ML1M,ML1M,1,lxr,mainstream,True,0.96983140707016,0.3577777777777777,0.3577777822481261
ML1M,ML1M,1,lxr,mainstream,True,0.955486536026001,0.3660714285714286,0.3660714285714286
ML1M,ML1M,1,lxr,niche,False,0.820763111114502,,
ML1M,ML1M,1,lxr,mainstream,True,0.9458739757537842,0.1585365853658537,0.1585365903329073
ML1M,ML1M,1,lxr,niche,True,0.8793256282806396,0.4787234042553191,0.4787234042553191
ML1M,ML1M,1,lxr,mainstream,False,0.9448387622833252,,
ML1M,ML1M,1,lxr,mainstream,True,0.91467022895813,0.4644970414201184,0.4644970414201184
ML1M,ML1M,1,lxr,mainstream,False,0.916740655899048,,
ML1M,ML1M,1,lxr,niche,False,0.8856107592582703,,
ML1M,ML1M,1,lxr,niche,False,0.9102336168289183,,
ML1M,ML1M,1,lxr,mainstream,False,0.9449867010116576,,
ML1M,ML1M,1,lxr,niche,False,0.906092882156372,,
ML1M,ML1M,1,lxr,niche,False,0.8837621808052063,,
ML1M,ML1M,1,lxr,mainstream,False,0.9593315720558168,,
ML1M,ML1M,1,lxr,mainstream,False,0.934338927268982,,
ML1M,ML1M,1,lxr,mainstream,False,0.9553386569023132,,
ML1M,ML1M,1,lxr,mainstream,False,0.954451322555542,,
ML1M,ML1M,1,lxr,mainstream,False,0.9735285639762878,,
ML1M,ML1M,1,lxr,niche,True,0.8846495151519775,0.3671497584541063,0.3671497584541063
ML1M,ML1M,1,lxr,niche,False,0.88531494140625,,
ML1M,ML1M,1,lxr,niche,False,0.8358473777770996,,
ML1M,ML1M,1,lxr,niche,False,0.8946317434310913,,
ML1M,ML1M,1,lxr,niche,False,0.902395725250244,,
ML1M,ML1M,1,lxr,niche,False,0.8670511841773987,,
ML1M,ML1M,1,lxr,mainstream,True,0.9797397255897522,0.31875,0.3187500044703483
ML1M,ML1M,1,lxr,mainstream,False,0.9662082195281982,,
ML1M,ML1M,1,lxr,mainstream,True,0.9034309387207032,0.4062801932367149,0.4062801977070632
ML1M,ML1M,1,lxr,niche,False,0.907128095626831,,
ML1M,ML1M,1,lxr,mainstream,True,0.9445430636405944,0.4523809523809523,0.4523809523809523
ML1M,ML1M,1,lxr,mainstream,False,0.9316030740737916,,
ML1M,ML1M,1,lxr,mainstream,True,0.9659863710403442,0.161764705882353,0.1617647058823529
ML1M,ML1M,1,lxr,mainstream,True,0.9604406952857972,0.3976190476190476,0.3976190520893959
ML1M,ML1M,1,lxr,mainstream,True,0.9606625437736512,0.2027027027027026,0.202702707173051
ML1M,ML1M,1,lxr,niche,False,0.8796953558921814,,
ML1M,ML1M,1,lxr,mainstream,True,0.919624388217926,0.4610655737704918,0.4610655737704917
ML1M,ML1M,1,lxr,mainstream,False,0.9131913781166076,,
ML1M,ML1M,1,lxr,niche,False,0.8649807572364807,,
ML1M,ML1M,1,lxr,niche,False,0.8246080875396729,,
ML1M,ML1M,1,lxr,mainstream,False,0.9201419949531556,,
ML1M,ML1M,1,lxr,niche,True,0.8951493501663208,0.4243697478991596,0.4243697528662133
ML1M,ML1M,1,lxr,mainstream,False,0.9602188467979432,,
ML1M,ML1M,1,lxr,niche,False,0.865646243095398,,
ML1M,ML1M,1,lxr,niche,True,0.896628201007843,0.251412429378531,0.2514124343455848
ML1M,ML1M,1,lxr,mainstream,True,0.9727891087532043,0.3418604651162791,0.3418604695866274
ML1M,ML1M,1,lxr,mainstream,True,0.939514935016632,0.2864406779661017,0.2864406824364501
ML1M,ML1M,1,lxr,niche,True,0.9019520878791808,0.3833333333333333,0.3833333333333334
ML1M,ML1M,1,lxr,niche,True,0.873853862285614,0.4298245614035086,0.4298245663705624
ML1M,ML1M,1,lxr,mainstream,True,0.9742679595947266,0.4145299145299145,0.4145299194969682
ML1M,ML1M,1,lxr,mainstream,False,0.9704229235649108,,
ML1M,ML1M,1,lxr,niche,False,0.8846495151519775,,
ML1M,ML1M,1,lxr,mainstream,False,0.9593315720558168,,
ML1M,ML1M,1,lxr,niche,False,0.8930789232254028,,
ML1M,ML1M,1,lxr,mainstream,False,0.904244303703308,,
ML1M,ML1M,1,lxr,niche,True,0.8830227851867676,0.4787234042553191,0.4787234042553191
ML1M,ML1M,1,lxr,niche,True,0.862984299659729,0.4375,0.4375
ML1M,ML1M,1,lxr,niche,True,0.8924874067306519,0.5,0.5
ML1M,ML1M,1,lxr,niche,False,0.8598048090934753,,
ML1M,ML1M,1,lxr,niche,True,0.8583259582519531,0.412037037037037,0.412037037037037
ML1M,ML1M,1,lxr,niche,True,0.8246819972991943,0.4285714285714286,0.4285714285714286
ML1M,ML1M,1,lxr,mainstream,True,0.9505323767662048,0.2916666666666667,0.2916666666666667
ML1M,ML1M,1,lxr,mainstream,True,0.9455782175064088,0.4307359307359307,0.4307359357029844
ML1M,ML1M,1,lxr,niche,True,0.6344276666641235,0.3199999999999999,0.3200000044703484
ML1M,ML1M,1,lxr,mainstream,True,0.9504584074020386,0.2424242424242423,0.2424242473912961
ML1M,ML1M,1,lxr,niche,True,0.930272102355957,0.2222222222222223,0.2222222222222222
ML1M,ML1M,1,lxr,mainstream,True,0.9265010356903076,0.3588709677419355,0.3588709677419355
ML1M,ML1M,1,lxr,mainstream,False,0.9404022693634032,,
ML1M,ML1M,1,lxr,niche,False,0.8864241242408752,,
ML1M,ML1M,1,lxr,mainstream,False,0.9219166040420532,,
ML1M,ML1M,1,lxr,niche,True,0.8598048090934753,0.2380952380952381,0.238095238095238
ML1M,ML1M,1,lxr,niche,False,0.8595089912414551,,
ML1M,ML1M,1,lxr,mainstream,True,0.9460219144821168,0.3822115384615385,0.3822115384615385
ML1M,ML1M,1,lxr,mainstream,False,0.9445430636405944,,
ML1M,ML1M,1,lxr,niche,False,0.8362910747528076,,
ML1M,ML1M,1,lxr,niche,False,0.8913782835006714,,
ML1M,ML1M,1,loo,niche,True,0.8325939178466797,0.4833333333333333,0.4833333333333333
ML1M,ML1M,1,loo,mainstream,True,0.942176878452301,0.5,0.5
ML1M,ML1M,1,loo,mainstream,True,0.9593315720558168,0.5,0.5
ML1M,ML1M,1,loo,mainstream,True,0.9758946895599364,0.369047619047619,0.3690476240146728
ML1M,ML1M,1,loo,niche,True,0.9191067814826964,-0.0382978723404255,0.1812766055794472
ML1M,ML1M,1,loo,mainstream,True,0.9279798865318298,0.4482758620689655,0.4482758620689655
ML1M,ML1M,1,loo,niche,True,0.8307453393936157,-0.3914728682170543,0.3914728682170543
ML1M,ML1M,1,loo,mainstream,True,0.9365572333335876,0.5,0.5
ML1M,ML1M,1,loo,mainstream,True,0.9638420343399048,0.15,0.1500000044703483
ML1M,ML1M,1,loo,mainstream,True,0.9634723663330078,0.4494680851063829,0.449468085106383
ML1M,ML1M,1,loo,niche,True,0.8013161420822144,0.1157407407407408,0.1550925925925926
ML1M,ML1M,1,loo,mainstream,False,0.929680585861206,,
ML1M,ML1M,1,loo,niche,True,0.8056787848472595,0.5,0.5
ML1M,ML1M,1,loo,niche,True,0.9335995316505432,0.1952380952380953,0.230158738437153
ML1M,ML1M,1,loo,niche,True,0.8718574047088623,0.1323529411764705,0.1654411764705882
ML1M,ML1M,1,loo,mainstream,False,0.957704782485962,,
ML1M,ML1M,1,loo,mainstream,True,0.9370747804641724,0.2624999999999999,0.2775000050663948
ML1M,ML1M,1,loo,niche,False,0.9182934165000916,,
ML1M,ML1M,1,loo,niche,True,0.8947057127952576,-0.1493184634448575,0.1493184584778037
ML1M,ML1M,1,loo,niche,False,0.8617272973060608,,
ML1M,ML1M,1,loo,mainstream,False,0.9722715616226196,,
ML1M,ML1M,1,loo,niche,False,0.906092882156372,,
ML1M,ML1M,1,loo,mainstream,True,0.9497190117836,0.4523809523809523,0.4523809523809524
ML1M,ML1M,1,loo,niche,False,0.8837621808052063,,
ML1M,ML1M,1,loo,mainstream,True,0.9582963585853576,0.4086206896551724,0.4086206896551724
ML1M,ML1M,1,loo,mainstream,False,0.9787045121192932,,
ML1M,ML1M,1,loo,mainstream,True,0.9284235239028932,0.3715596330275229,0.3715596330275229
ML1M,ML1M,1,loo,niche,False,0.8548506498336792,,
ML1M,ML1M,1,loo,niche,False,0.8212067484855652,,
ML1M,ML1M,1,loo,niche,True,0.8844276666641235,-0.3623188405797101,0.3623188356126564
ML1M,ML1M,1,loo,niche,True,0.8889381885528564,0.4836065573770491,0.4836065573770491
ML1M,ML1M,1,loo,mainstream,True,0.954451322555542,0.5,0.5
ML1M,ML1M,1,loo,niche,True,0.8837621808052063,0.1282051282051282,0.1282051282051282
ML1M,ML1M,1,loo,niche,True,0.8746672868728638,-0.4216417910447761,0.4216417910447761
ML1M,ML1M,1,loo,niche,False,0.8296362161636353,,
ML1M,ML1M,1,loo,mainstream,True,0.9404022693634032,0.131578947368421,0.1652631677295032
ML1M,ML1M,1,loo,mainstream,False,0.9367790222167968,,
ML1M,ML1M,1,loo,mainstream,True,0.9754510521888732,0.5,0.5
ML1M,ML1M,1,loo,mainstream,True,0.939514935016632,0.360377358490566,0.3603773629609144
ML1M,ML1M,1,loo,mainstream,True,0.9553386569023132,0.4883720930232558,0.4883720930232558
ML1M,ML1M,1,loo,mainstream,True,0.9830671548843384,0.3333333333333333,0.3333333383003871
ML1M,ML1M,1,loo,mainstream,True,0.9645814895629884,0.4814814814814814,0.4814814814814814
ML1M,ML1M,1,loo,niche,False,0.8527802228927612,,
ML1M,ML1M,1,loo,mainstream,True,0.9470570683479308,0.0689655172413793,0.068965522208433
ML1M,ML1M,1,loo,niche,True,0.8981070518493652,0.0,0.1446540930173682
ML1M,ML1M,1,loo,mainstream,False,0.9089027047157288,,
ML1M,ML1M,1,loo,niche,True,0.918367326259613,0.5,0.5
ML1M,ML1M,1,loo,mainstream,True,0.9494972229003906,0.5,0.5
ML1M,ML1M,1,loo,mainstream,True,0.9860987663269044,0.5,0.5
ML1M,ML1M,1,loo,niche,True,0.898476779460907,0.5,0.5
ML1M,ML1M,1,loo,niche,True,0.919402539730072,0.3842105263157894,0.3842105263157894
ML1M,ML1M,1,loo,niche,False,0.9291629791259766,,
ML1M,ML1M,1,loo,niche,True,0.8787341117858887,-0.3656716417910448,0.3656716417910448
ML1M,ML1M,1,loo,niche,True,0.887237548828125,0.4807692307692308,0.4807692307692308
ML1M,ML1M,1,loo,mainstream,True,0.9069801568984984,0.1437689969604862,0.1748936268560429
ML1M,ML1M,1,loo,niche,False,0.8910085558891296,,
ML1M,ML1M,1,loo,niche,False,0.8607660531997681,,
ML1M,ML1M,1,loo,mainstream,False,0.9487577676773072,,
ML1M,ML1M,1,loo,niche,True,0.8774031400680542,-0.1097560975609756,0.1097560975609756
ML1M,ML1M,1,loo,niche,True,0.9003252983093262,-0.0148148148148147,0.133333338300387
ML1M,ML1M,1,loo,niche,True,0.9170364141464232,0.47,0.47
ML1M,ML1M,1,loo,mainstream,True,0.9588878750801086,0.1863636363636364,0.2125
ML1M,ML1M,1,loo,mainstream,True,0.9801833629608154,0.5,0.5
ML1M,ML1M,1,loo,niche,True,0.8787341117858887,0.0361842105263158,0.194078947368421
ML1M,ML1M,1,loo,mainstream,True,0.9631766080856324,0.3076923076923078,0.3076923121626561
ML1M,ML1M,1,loo,mainstream,False,0.920437753200531,,
ML1M,ML1M,1,loo,mainstream,True,0.9704229831695556,0.5,0.5
ML1M,ML1M,1,loo,niche,False,0.9131913781166076,,
ML1M,ML1M,1,loo,mainstream,True,0.9412895441055298,0.4863013698630136,0.4863013698630136
ML1M,ML1M,1,loo,mainstream,True,0.974563717842102,0.4457364341085271,0.4457364390755809
ML1M,ML1M,1,loo,niche,False,0.9081632494926452,,
ML1M,ML1M,1,loo,niche,False,0.8521147966384888,,
ML1M,ML1M,1,loo,niche,True,0.8688257932662964,-0.3911917098445596,0.3911917098445596
ML1M,ML1M,1,loo,niche,True,0.8787341117858887,-0.3089887640449438,0.3089887640449438
ML1M,ML1M,1,loo,niche,True,0.913265347480774,-0.2444444444444444,0.2444444394773907
ML1M,ML1M,1,loo,mainstream,False,0.9228038787841796,,
ML1M,ML1M,1,loo,mainstream,True,0.9912747740745544,0.4499999999999999,0.45
ML1M,ML1M,1,loo,mainstream,True,0.9137828946113586,0.4673202614379085,0.4673202614379085
ML1M,ML1M,1,loo,mainstream,True,0.9525288343429564,0.5,0.5
ML1M,ML1M,1,loo,mainstream,True,0.9404022693634032,0.2531914893617021,0.2531914938320505
ML1M,ML1M,1,loo,niche,True,0.8247560262680054,0.09375,0.1012500092387199
ML1M,ML1M,1,loo,mainstream,True,0.9233954548835754,0.3871595330739299,0.3871595330739299
ML1M,ML1M,1,loo,mainstream,True,0.9778172373771667,0.3039215686274509,0.3039215735945047
ML1M,ML1M,1,loo,niche,True,0.864832878112793,0.5,0.5
ML1M,ML1M,1,loo,niche,True,0.9000295996665955,-0.0951219512195121,0.113658531518971
ML1M,ML1M,1,loo,niche,True,0.865646243095398,-0.0775862068965517,0.160919540229885
ML1M,ML1M,1,loo,niche,True,0.9233954548835754,0.1612903225806451,0.1612903225806451
ML1M,ML1M,1,loo,niche,False,0.9361135959625244,,
ML1M,ML1M,1,loo,mainstream,True,0.9859509468078612,0.1727272727272727,0.1945454596118493
ML1M,ML1M,1,loo,niche,True,0.9018781185150146,0.2249999999999999,0.2249999999999999
ML1M,ML1M,1,loo,mainstream,False,0.9849157333374025,,
ML1M,ML1M,1,loo,niche,False,0.8846495151519775,,
ML1M,ML1M,1,loo,niche,True,0.925761580467224,0.074468085106383,0.1382978723404255
ML1M,ML1M,1,loo,niche,True,0.8410233855247498,-0.3502994011976048,0.3502993967272564
ML1M,ML1M,1,loo,niche,True,0.9225081205368042,-0.027027027027027,0.1081081130751618
ML1M,ML1M,1,loo,mainstream,True,0.9821059107780457,0.3685714285714285,0.3685714330417769
ML1M,ML1M,1,loo,niche,True,0.910973072052002,0.2391304347826086,0.239130439252957
ML1M,ML1M,1,loo,niche,True,0.884131908416748,0.5,0.5
ML1M,ML1M,1,loo,niche,True,0.910825252532959,-0.2722222222222222,0.2722222172551685
ML1M,ML1M,1,loo,niche,True,0.8820614814758301,0.0192307692307691,0.1153846153846153
ML1M,ML1M,1,loo,mainstream,True,0.9394409656524658,-0.1948529411764706,0.1948529411764706
ML1M,ML1M,1,loo,niche,True,0.8916740417480469,0.0394736842105263,0.0394736842105263
ML1M,ML1M,1,loo,mainstream,False,0.9267967939376832,,
ML1M,ML1M,1,loo,mainstream,False,0.942176878452301,,
ML1M,ML1M,1,loo,niche,True,0.9020999670028688,-0.4285714285714286,0.4285714285714286
ML1M,ML1M,1,loo,mainstream,True,0.9370008707046508,0.0761904761904762,0.207619057453814
ML1M,ML1M,1,loo,mainstream,True,0.9358917474746704,0.1345029239766081,0.2397660901497679
ML1M,ML1M,1,loo,mainstream,True,0.910973072052002,0.0259259259259259,0.2240740740740741
ML1M,ML1M,1,loo,niche,False,0.7132505178451538,,
ML1M,ML1M,1,loo,mainstream,True,0.9501626491546632,0.4696969696969697,0.4696969696969697
ML1M,ML1M,1,loo,niche,True,0.9260573983192444,-0.0893719806763284,0.1521739213219011
ML1M,ML1M,1,loo,niche,False,0.8411712646484375,,
ML1M,ML1M,1,loo,niche,True,0.8633540272712708,-0.0575221238938053,0.1352015649762477
ML1M,ML1M,1,loo,niche,False,0.8947796821594238,,
ML1M,ML1M,1,loo,niche,False,0.8695651888847351,,
ML1M,ML1M,1,loo,mainstream,False,0.9198461771011353,,
ML1M,ML1M,1,loo,mainstream,True,0.9352262616157532,-0.3288590604026845,0.3288590604026846
ML1M,ML1M,1,loo,mainstream,False,0.9269446730613708,,
ML1M,ML1M,1,loo,mainstream,False,0.9744158983230592,,
ML1M,ML1M,1,loo,mainstream,False,0.909937858581543,,
ML1M,ML1M,1,loo,niche,True,0.8433895111083984,-0.25,0.25
ML1M,ML1M,1,loo,mainstream,True,0.9526767134666444,0.28125,0.28125
ML1M,ML1M,1,loo,niche,True,0.9233954548835754,-0.0490196078431372,0.0660130801738477
ML1M,ML1M,1,loo,mainstream,False,0.9171842336654664,,
ML1M,ML1M,1,loo,niche,True,0.8837621808052063,-0.4576271186440678,0.4576271186440678
ML1M,ML1M,1,loo,mainstream,True,0.9488316774368286,0.5,0.5
ML1M,ML1M,1,loo,mainstream,True,0.96983140707016,0.4185185185185185,0.4185185234855722
ML1M,ML1M,1,loo,mainstream,True,0.955486536026001,0.5,0.5
ML1M,ML1M,1,loo,niche,False,0.820763111114502,,
ML1M,ML1M,1,loo,mainstream,True,0.9458739757537842,0.4268292682926828,0.4268292682926829
ML1M,ML1M,1,loo,niche,True,0.8793256282806396,0.4574468085106383,0.4574468085106383
ML1M,ML1M,1,loo,mainstream,True,0.9448387622833252,0.275,0.275
ML1M,ML1M,1,loo,mainstream,True,0.91467022895813,0.5,0.5
ML1M,ML1M,1,loo,mainstream,False,0.916740655899048,,
ML1M,ML1M,1,loo,niche,True,0.8856107592582703,-0.2299107142857143,0.2299107142857142
ML1M,ML1M,1,loo,niche,False,0.9102336168289183,,
ML1M,ML1M,1,loo,mainstream,True,0.9449867010116576,0.4841269841269842,0.4841269841269841
ML1M,ML1M,1,loo,niche,False,0.906092882156372,,
ML1M,ML1M,1,loo,niche,False,0.8837621808052063,,
ML1M,ML1M,1,loo,mainstream,False,0.9593315720558168,,
ML1M,ML1M,1,loo,mainstream,True,0.934338927268982,0.4421965317919074,0.4421965367589613
ML1M,ML1M,1,loo,mainstream,False,0.9553386569023132,,
ML1M,ML1M,1,loo,mainstream,False,0.954451322555542,,
ML1M,ML1M,1,loo,mainstream,True,0.9735285639762878,0.375,0.375
ML1M,ML1M,1,loo,niche,True,0.8846495151519775,0.5,0.5
ML1M,ML1M,1,loo,niche,False,0.88531494140625,,
ML1M,ML1M,1,loo,niche,True,0.8358473777770996,-0.4367088607594936,0.4367088607594936
ML1M,ML1M,1,loo,niche,True,0.8946317434310913,0.175438596491228,0.2339181369333936
ML1M,ML1M,1,loo,niche,False,0.902395725250244,,
ML1M,ML1M,1,loo,niche,True,0.8670511841773987,-0.2534883720930232,0.2534883720930232
ML1M,ML1M,1,loo,mainstream,True,0.9797397255897522,0.2604166666666666,0.2604166716337204
ML1M,ML1M,1,loo,mainstream,False,0.9662082195281982,,
ML1M,ML1M,1,loo,mainstream,False,0.9034309387207032,,
ML1M,ML1M,1,loo,niche,False,0.907128095626831,,
ML1M,ML1M,1,loo,mainstream,True,0.9445430636405944,0.4428571428571428,0.4428571428571428
ML1M,ML1M,1,loo,mainstream,True,0.9316030740737916,0.2352941176470588,0.2352941226141125
ML1M,ML1M,1,loo,mainstream,True,0.9659863710403442,0.5,0.5
ML1M,ML1M,1,loo,mainstream,True,0.9604406952857972,0.3571428571428571,0.3571428621099108
ML1M,ML1M,1,loo,mainstream,True,0.9606625437736512,0.4459459459459459,0.4459459509129997
ML1M,ML1M,1,loo,niche,False,0.8796953558921814,,
ML1M,ML1M,1,loo,mainstream,True,0.919624388217926,0.2295081967213116,0.2295082016883652
ML1M,ML1M,1,loo,mainstream,True,0.9131913781166076,0.2549668874172185,0.2549668923842723
ML1M,ML1M,1,loo,niche,False,0.8649807572364807,,
ML1M,ML1M,1,loo,niche,True,0.8246080875396729,0.0961538461538461,0.1201923076923077
ML1M,ML1M,1,loo,mainstream,True,0.9201419949531556,0.0297029702970297,0.150990099009901
ML1M,ML1M,1,loo,niche,True,0.8951493501663208,0.0252100840336134,0.2121848739495798
ML1M,ML1M,1,loo,mainstream,True,0.9602188467979432,0.4622641509433962,0.4622641559104499
ML1M,ML1M,1,loo,niche,True,0.865646243095398,0.1436170212765957,0.1802127757922132
ML1M,ML1M,1,loo,niche,True,0.896628201007843,0.443502824858757,0.443502824858757
ML1M,ML1M,1,loo,mainstream,False,0.9727891087532043,,
ML1M,ML1M,1,loo,mainstream,True,0.939514935016632,0.2966101694915255,0.2966101694915254
ML1M,ML1M,1,loo,niche,True,0.9019520878791808,0.011111111111111,0.1277777777777777
ML1M,ML1M,1,loo,niche,True,0.873853862285614,0.4736842105263157,0.4736842105263157
ML1M,ML1M,1,loo,mainstream,True,0.9742679595947266,0.2820512820512821,0.2820512820512821
ML1M,ML1M,1,loo,mainstream,True,0.9704229235649108,0.1533333333333333,0.1533333378036817
ML1M,ML1M,1,loo,niche,False,0.8846495151519775,,
ML1M,ML1M,1,loo,mainstream,False,0.9593315720558168,,
ML1M,ML1M,1,loo,niche,False,0.8930789232254028,,
ML1M,ML1M,1,loo,mainstream,False,0.904244303703308,,
ML1M,ML1M,1,loo,niche,True,0.8830227851867676,0.4858156028368794,0.4858156028368794
ML1M,ML1M,1,loo,niche,True,0.862984299659729,0.5,0.5
ML1M,ML1M,1,loo,niche,True,0.8924874067306519,0.4838709677419355,0.4838709677419355
ML1M,ML1M,1,loo,niche,True,0.8598048090934753,-0.3914233576642336,0.3914233576642336
ML1M,ML1M,1,loo,niche,True,0.8583259582519531,-0.0833333333333333,0.0833333333333333
ML1M,ML1M,1,loo,niche,True,0.8246819972991943,0.4642857142857143,0.4642857142857143
ML1M,ML1M,1,loo,mainstream,True,0.9505323767662048,-0.3611111111111111,0.3611111111111111
ML1M,ML1M,1,loo,mainstream,True,0.9455782175064088,0.5,0.5
ML1M,ML1M,1,loo,niche,True,0.6344276666641235,0.3666666666666667,0.3666666716337204
ML1M,ML1M,1,loo,mainstream,True,0.9504584074020386,0.409090909090909,0.409090909090909
ML1M,ML1M,1,loo,niche,True,0.930272102355957,0.4537037037037037,0.4537037086707574
ML1M,ML1M,1,loo,mainstream,True,0.9265010356903076,0.4623655913978495,0.4623655963649032
ML1M,ML1M,1,loo,mainstream,True,0.9404022693634032,-0.1049382716049383,0.2160493909944723
ML1M,ML1M,1,loo,niche,True,0.8864241242408752,0.4723360655737705,0.4723360655737705
ML1M,ML1M,1,loo,mainstream,True,0.9219166040420532,-0.11863173216885,0.1773411048334932
ML1M,ML1M,1,loo,niche,True,0.8598048090934753,-0.119047619047619,0.119047619047619
ML1M,ML1M,1,loo,niche,False,0.8595089912414551,,
ML1M,ML1M,1,loo,mainstream,True,0.9460219144821168,0.4086538461538461,0.4086538461538461
ML1M,ML1M,1,loo,mainstream,True,0.9445430636405944,-0.1525423728813559,0.1525423728813559
ML1M,ML1M,1,loo,niche,False,0.8362910747528076,,
ML1M,ML1M,1,loo,niche,False,0.8913782835006714,,
ML1M,ML1M,2,lxr,niche,False,0.8898255228996277,,
ML1M,ML1M,2,lxr,mainstream,False,0.922064483165741,,
ML1M,ML1M,2,lxr,mainstream,False,0.9272404909133912,,
ML1M,ML1M,2,lxr,niche,True,0.8930789828300476,0.4384057971014492,0.4384057971014492
ML1M,ML1M,2,lxr,mainstream,False,0.9497190117836,,
ML1M,ML1M,2,lxr,niche,False,0.6678497195243835,,
ML1M,ML1M,2,lxr,mainstream,False,0.9602188467979432,,
ML1M,ML1M,2,lxr,niche,False,0.9003252983093262,,
ML1M,ML1M,2,lxr,niche,True,0.8548506498336792,0.4406779661016949,0.4406779661016949
ML1M,ML1M,2,lxr,niche,True,0.9293108582496644,0.4554455445544554,0.4554455445544554
ML1M,ML1M,2,lxr,niche,True,0.864832878112793,0.5,0.5
ML1M,ML1M,2,lxr,niche,False,0.8734102249145508,,
ML1M,ML1M,2,lxr,niche,False,0.8501922488212585,,
ML1M,ML1M,2,lxr,niche,True,0.9081632494926452,0.4685534591194967,0.4685534640865506
ML1M,ML1M,2,lxr,niche,True,0.9219166040420532,0.5,0.5
ML1M,ML1M,2,lxr,mainstream,True,0.979443907737732,0.5,0.5
ML1M,ML1M,2,lxr,mainstream,False,0.900916874408722,,
ML1M,ML1M,2,lxr,mainstream,True,0.9556344151496888,0.2566137566137566,0.2566137615808103
ML1M,ML1M,2,lxr,mainstream,False,0.8958888053894043,,
ML1M,ML1M,2,lxr,niche,True,0.9019520878791808,0.5,0.5
ML1M,ML1M,2,lxr,niche,True,0.8598048090934753,0.4708029197080292,0.4708029197080292
ML1M,ML1M,2,lxr,mainstream,True,0.9778172373771667,0.1551724137931034,0.1551724137931034
ML1M,ML1M,2,lxr,niche,False,0.934338927268982,,
ML1M,ML1M,2,lxr,mainstream,False,0.9432120323181152,,
ML1M,ML1M,2,lxr,mainstream,True,0.9859509468078612,0.393939393939394,0.3939393989064477
ML1M,ML1M,2,lxr,niche,False,0.8688997030258179,,
ML1M,ML1M,2,lxr,niche,False,0.7227151393890381,,
ML1M,ML1M,2,lxr,mainstream,True,0.9429162740707396,0.381578947368421,0.381578947368421
ML1M,ML1M,2,lxr,mainstream,True,0.934560775756836,0.3090909090909091,0.3090909090909091
ML1M,ML1M,2,lxr,mainstream,False,0.897663414478302,,
ML1M,ML1M,2,lxr,mainstream,False,0.9781129956245422,,
ML1M,ML1M,2,lxr,mainstream,False,0.9404022693634032,,
ML1M,ML1M,2,lxr,niche,False,0.9037266969680786,,
ML1M,ML1M,2,lxr,mainstream,True,0.9918663501739502,0.3,0.3
ML1M,ML1M,2,lxr,mainstream,False,0.9228038787841796,,
ML1M,ML1M,2,lxr,mainstream,False,0.9585921168327332,,
ML1M,ML1M,2,lxr,niche,False,0.8793256282806396,,
ML1M,ML1M,2,lxr,niche,True,0.8935226202011108,0.373015873015873,0.3730158779829267
ML1M,ML1M,2,lxr,niche,True,0.9390712976455688,0.436936936936937,0.4369369419039907
ML1M,ML1M,2,lxr,niche,True,0.8325939178466797,0.5,0.5
ML1M,ML1M,2,lxr,niche,False,0.885980486869812,,
ML1M,ML1M,2,lxr,niche,False,0.8200236558914185,,
ML1M,ML1M,2,lxr,niche,False,0.8796953558921814,,
ML1M,ML1M,2,lxr,niche,True,0.8760721683502197,0.4090909090909091,0.4090909090909091
ML1M,ML1M,2,lxr,mainstream,True,0.984619915485382,0.3518518518518518,0.3518518518518518
ML1M,ML1M,2,lxr,mainstream,False,0.9623632431030272,,
ML1M,ML1M,2,lxr,mainstream,True,0.9445430636405944,0.4714285714285714,0.4714285714285714
ML1M,ML1M,2,lxr,mainstream,False,0.8947796821594238,,
ML1M,ML1M,2,lxr,mainstream,True,0.9593315720558168,0.2714285714285714,0.2714285758989198
ML1M,ML1M,2,lxr,niche,True,0.8444247245788574,0.5,0.5
ML1M,ML1M,2,lxr,niche,True,0.934338927268982,0.4473684210526316,0.4473684210526316
ML1M,ML1M,2,lxr,mainstream,True,0.9509021043777466,0.2560975609756097,0.2560975609756097
ML1M,ML1M,2,lxr,mainstream,False,0.9526767134666444,,
ML1M,ML1M,2,lxr,mainstream,True,0.9710144996643066,0.5,0.5
ML1M,ML1M,2,lxr,niche,False,0.9398106932640076,,
ML1M,ML1M,2,lxr,mainstream,True,0.8958888053894043,0.3077519379844962,0.3077519424548445
ML1M,ML1M,2,lxr,niche,False,0.8325939178466797,,
ML1M,ML1M,2,lxr,mainstream,True,0.9921621084213256,0.4487179487179488,0.4487179536850025
ML1M,ML1M,2,lxr,niche,True,0.8617272973060608,0.2373737373737373,0.2373737423407911
ML1M,ML1M,2,lxr,niche,False,0.9081632494926452,,
ML1M,ML1M,2,lxr,niche,True,0.9198461771011353,0.3792270531400966,0.3792270581071503
ML1M,ML1M,2,lxr,mainstream,False,0.9679828882217408,,
ML1M,ML1M,2,lxr,mainstream,False,0.9272404909133912,,
ML1M,ML1M,2,lxr,niche,True,0.8913782835006714,0.4386792452830188,0.4386792452830188
ML1M,ML1M,2,lxr,mainstream,False,0.96983140707016,,
ML1M,ML1M,2,lxr,niche,False,0.8601005673408508,,
ML1M,ML1M,2,lxr,mainstream,False,0.9387755393981934,,
ML1M,ML1M,2,lxr,mainstream,False,0.9909789562225342,,
ML1M,ML1M,2,lxr,niche,False,0.8532239198684692,,
ML1M,ML1M,2,lxr,niche,False,0.938257932662964,,
ML1M,ML1M,2,lxr,mainstream,True,0.9475007653236388,0.2777777777777778,0.2777777827448315
ML1M,ML1M,2,lxr,niche,False,0.8819875717163086,,
ML1M,ML1M,2,lxr,mainstream,True,0.9545992612838744,0.3,0.3000000044703483
ML1M,ML1M,2,lxr,niche,True,0.942176878452301,0.3260869565217391,0.3260869565217391
ML1M,ML1M,2,lxr,niche,True,0.8877550959587097,0.5,0.5
ML1M,ML1M,2,lxr,niche,True,0.9274622797966005,0.4814814814814814,0.4814814814814814
ML1M,ML1M,2,lxr,mainstream,True,0.9430641531944276,0.2794871794871795,0.2794871844542332
ML1M,ML1M,2,lxr,niche,False,0.8837621808052063,,
ML1M,ML1M,2,lxr,mainstream,True,0.9627329111099244,0.5,0.5
ML1M,ML1M,2,lxr,niche,True,0.9012866020202636,0.4833333333333334,0.4833333333333333
ML1M,ML1M,2,lxr,niche,False,0.8616533279418945,,
ML1M,ML1M,2,lxr,niche,False,0.9482401609420776,,
ML1M,ML1M,2,lxr,mainstream,True,0.9881691932678224,0.4814814814814814,0.4814814814814814
ML1M,ML1M,2,lxr,mainstream,True,0.9272404909133912,0.1987704918032786,0.1987704918032786
ML1M,ML1M,2,lxr,niche,False,0.8307453393936157,,
ML1M,ML1M,2,lxr,mainstream,False,0.9727891087532043,,
ML1M,ML1M,2,lxr,mainstream,False,0.9179236888885498,,
ML1M,ML1M,2,lxr,mainstream,False,0.9072020053863524,,
ML1M,ML1M,2,lxr,niche,True,0.9171842336654664,0.2962962962962963,0.29629630126335
ML1M,ML1M,2,lxr,mainstream,True,0.9687222242355348,0.5,0.5
ML1M,ML1M,2,lxr,mainstream,True,0.9352262616157532,0.3557046979865772,0.3557046979865772
ML1M,ML1M,2,lxr,mainstream,True,0.9463176727294922,0.4685534591194968,0.4685534635898453
ML1M,ML1M,2,lxr,mainstream,False,0.9853593707084656,,
ML1M,ML1M,2,lxr,mainstream,False,0.9487577676773072,,
ML1M,ML1M,2,lxr,niche,True,0.8411712646484375,0.5,0.5
ML1M,ML1M,2,lxr,mainstream,True,0.91467022895813,0.1766917293233082,0.1766917293233082
ML1M,ML1M,2,lxr,mainstream,False,0.9696096181869508,,
ML1M,ML1M,2,lxr,mainstream,True,0.967613160610199,0.4047619047619047,0.4047619097289585
ML1M,ML1M,2,lxr,mainstream,False,0.9151138663291932,,
ML1M,ML1M,2,lxr,niche,True,0.8898994326591492,0.2249999999999999,0.2250000044703483
ML1M,ML1M,2,lxr,mainstream,True,0.9624371528625488,0.5,0.5
ML1M,ML1M,2,lxr,niche,False,0.9291629791259766,,
ML1M,ML1M,2,lxr,mainstream,False,0.9778172373771667,,
ML1M,ML1M,2,lxr,niche,True,0.9404022693634032,0.4047619047619047,0.4047619047619047
ML1M,ML1M,2,lxr,mainstream,False,0.8981070518493652,,
ML1M,ML1M,2,lxr,niche,False,0.8707482814788818,,
ML1M,ML1M,2,lxr,niche,True,0.8590653538703918,0.4048387096774193,0.4048387096774193
ML1M,ML1M,2,lxr,mainstream,True,0.9740461111068726,0.4444444444444445,0.4444444494114982
ML1M,ML1M,2,lxr,niche,False,0.920437753200531,,
ML1M,ML1M,2,lxr,niche,True,0.8938183784484863,0.492,0.492
ML1M,ML1M,2,lxr,mainstream,True,0.9505323767662048,0.4351851851851851,0.4351851901522388
ML1M,ML1M,2,lxr,niche,True,0.9288672208786012,0.5,0.5
ML1M,ML1M,2,lxr,mainstream,False,0.9631766080856324,,
ML1M,ML1M,2,lxr,mainstream,True,0.9463176727294922,0.0638297872340425,0.1861702127659574
ML1M,ML1M,2,lxr,mainstream,True,0.9813664555549622,0.4199999999999999,0.42
ML1M,ML1M,2,lxr,niche,False,0.9321945905685424,,
ML1M,ML1M,2,lxr,mainstream,True,0.94809228181839,0.425,0.425
ML1M,ML1M,2,lxr,niche,True,0.8920437693595886,0.4939759036144577,0.4939759036144578
ML1M,ML1M,2,lxr,niche,False,0.8649807572364807,,
ML1M,ML1M,2,lxr,mainstream,True,0.9753031730651855,0.0555555555555555,0.0555555555555555
ML1M,ML1M,2,lxr,niche,False,0.9123040437698364,,
ML1M,ML1M,2,lxr,mainstream,True,0.9720497131347656,0.4135802469135802,0.4135802518806339
ML1M,ML1M,2,lxr,niche,True,0.910825252532959,0.0583333333333333,0.0999999999999999
ML1M,ML1M,2,lxr,mainstream,False,0.97988760471344,,
ML1M,ML1M,2,lxr,mainstream,True,0.961845636367798,0.3399999999999999,0.3399999999999999
ML1M,ML1M,2,lxr,mainstream,False,0.9614019393920898,,
ML1M,ML1M,2,lxr,niche,True,0.8459035754203796,0.3382352941176471,0.3382352941176471
ML1M,ML1M,2,lxr,mainstream,True,0.9120082855224608,0.0358490566037735,0.0977358439902089
ML1M,ML1M,2,lxr,niche,True,0.91141676902771,0.2777777777777778,0.2777777822481261
ML1M,ML1M,2,lxr,niche,True,0.7215321063995361,0.2888888888888888,0.2888888938559426
ML1M,ML1M,2,lxr,mainstream,True,0.9843241572380066,0.4230769230769231,0.4230769230769231
ML1M,ML1M,2,lxr,mainstream,True,0.9744898080825806,0.36328125,0.36328125
ML1M,ML1M,2,lxr,mainstream,False,0.9279798865318298,,
ML1M,ML1M,2,lxr,niche,False,0.9483880996704102,,
ML1M,ML1M,2,lxr,mainstream,False,0.9843241572380066,,
ML1M,ML1M,2,lxr,niche,True,0.9486098885536194,0.5,0.5
ML1M,ML1M,2,lxr,mainstream,False,0.9602188467979432,,
ML1M,ML1M,2,lxr,niche,True,0.9233954548835754,0.2983870967741935,0.2983870967741935
ML1M,ML1M,2,lxr,niche,False,0.8410233855247498,,
ML1M,ML1M,2,lxr,mainstream,True,0.9664300680160522,0.4074074074074074,0.4074074074074074
ML1M,ML1M,2,lxr,niche,True,0.8781425356864929,0.4635627530364372,0.4635627530364372
ML1M,ML1M,2,lxr,niche,False,0.8485655188560486,,
ML1M,ML1M,2,lxr,niche,False,0.8598048090934753,,
ML1M,ML1M,2,lxr,mainstream,False,0.899290144443512,,
ML1M,ML1M,2,lxr,mainstream,True,0.9463915824890136,0.3499999999999998,0.3500000044703483
ML1M,ML1M,2,lxr,niche,True,0.8200236558914185,0.4658536585365853,0.4658536585365854
ML1M,ML1M,2,lxr,niche,False,0.9281277656555176,,
ML1M,ML1M,2,lxr,niche,False,0.8141082525253296,,
ML1M,ML1M,2,lxr,mainstream,False,0.9514936208724976,,
ML1M,ML1M,2,lxr,niche,False,0.8649807572364807,,
ML1M,ML1M,2,lxr,mainstream,True,0.9764862656593324,0.1746031746031746,0.1746031746031746
ML1M,ML1M,2,lxr,niche,False,0.820763111114502,,
ML1M,ML1M,2,lxr,niche,True,0.9234694242477416,0.5,0.5
ML1M,ML1M,2,lxr,niche,True,0.8771073818206787,0.1203703703703703,0.1203703703703703
ML1M,ML1M,2,lxr,niche,True,0.9219166040420532,0.4722222222222222,0.4722222222222222
ML1M,ML1M,2,lxr,niche,False,0.7796509861946106,,
ML1M,ML1M,2,lxr,mainstream,True,0.9525288343429564,0.5,0.5
ML1M,ML1M,2,lxr,mainstream,True,0.9505324363708496,0.1785714285714286,0.1785714285714285
ML1M,ML1M,2,lxr,niche,True,0.9122301340103148,0.4285714285714286,0.4285714285714286
ML1M,ML1M,2,lxr,niche,True,0.9412895441055298,0.0999999999999999,0.1222222271892759
ML1M,ML1M,2,lxr,mainstream,True,0.9458000659942628,0.1633333333333333,0.1641666666666666
ML1M,ML1M,2,lxr,niche,False,0.8736320734024048,,
ML1M,ML1M,2,lxr,mainstream,True,0.9914226531982422,0.5,0.5
ML1M,ML1M,2,lxr,mainstream,False,0.9179236888885498,,
ML1M,ML1M,2,lxr,mainstream,False,0.9239869713783264,,
ML1M,ML1M,2,lxr,niche,False,0.8159568309783936,,
ML1M,ML1M,2,lxr,niche,False,0.7978408336639404,,
ML1M,ML1M,2,lxr,mainstream,True,0.9524549245834352,0.4875,0.4875
ML1M,ML1M,2,lxr,niche,False,0.9371488094329834,,
ML1M,ML1M,2,lxr,niche,True,0.8633540272712708,0.347787610619469,0.3477876150898173
ML1M,ML1M,2,lxr,mainstream,False,0.951197862625122,,
ML1M,ML1M,2,lxr,niche,False,0.8848713636398315,,
ML1M,ML1M,2,lxr,niche,True,0.873853862285614,-0.0441176470588234,0.1029411764705882
ML1M,ML1M,2,lxr,mainstream,True,0.9267228841781616,0.2358156028368795,0.2358156078039331
ML1M,ML1M,2,lxr,mainstream,False,0.9742679595947266,,
ML1M,ML1M,2,lxr,mainstream,True,0.9492014050483704,0.4423076923076923,0.4423076923076923
ML1M,ML1M,2,lxr,mainstream,True,0.9426205158233644,0.423469387755102,0.423469387755102
ML1M,ML1M,2,lxr,niche,False,0.909124493598938,,
ML1M,ML1M,2,lxr,niche,True,0.7585033774375916,0.1739130434782608,0.2222222139437993
ML1M,ML1M,2,lxr,mainstream,False,0.942176878452301,,
ML1M,ML1M,2,lxr,niche,False,0.873853862285614,,
ML1M,ML1M,2,lxr,niche,False,0.8828748464584351,,
ML1M,ML1M,2,lxr,mainstream,True,0.9667997360229492,0.0606060606060605,0.0909090958761446
ML1M,ML1M,2,lxr,niche,False,0.873853862285614,,
ML1M,ML1M,2,lxr,mainstream,False,0.9404022693634032,,
ML1M,ML1M,2,lxr,niche,True,0.8874593377113342,0.5,0.5
ML1M,ML1M,2,lxr,mainstream,True,0.9455782175064088,0.4727891156462585,0.4727891206133122
ML1M,ML1M,2,lxr,mainstream,False,0.8986246585845947,,
ML1M,ML1M,2,lxr,niche,True,0.8856107592582703,0.4747023809523809,0.4747023859194346
ML1M,ML1M,2,lxr,niche,False,0.9161490201950072,,
ML1M,ML1M,2,lxr,mainstream,False,0.8945578336715698,,
ML1M,ML1M,2,lxr,mainstream,True,0.8998077511787415,0.4324712643678161,0.4324712643678161
ML1M,ML1M,2,lxr,niche,False,0.8955930471420288,,
ML1M,ML1M,2,lxr,niche,False,0.8113723993301392,,
ML1M,ML1M,2,lxr,niche,True,0.934191107749939,0.3823529411764705,0.3823529411764705
ML1M,ML1M,2,lxr,mainstream,True,0.9494972229003906,0.3234042553191489,0.3234042597894973
ML1M,ML1M,2,lxr,niche,False,0.8808784484863281,,
ML1M,ML1M,2,lxr,mainstream,False,0.9704229235649108,,
ML1M,ML1M,2,lxr,mainstream,False,0.9553386569023132,,
ML1M,ML1M,2,lxr,niche,True,0.8893818855285645,0.4199029126213592,0.4199029126213592
ML1M,ML1M,2,loo,niche,False,0.8898255228996277,,
ML1M,ML1M,2,loo,mainstream,True,0.922064483165741,0.1275337837837837,0.174831081081081
ML1M,ML1M,2,loo,mainstream,False,0.9272404909133912,,
ML1M,ML1M,2,loo,niche,True,0.8930789828300476,0.4710144927536233,0.4710144927536232
ML1M,ML1M,2,loo,mainstream,True,0.9497190117836,0.5,0.5
ML1M,ML1M,2,loo,niche,True,0.6678497195243835,-0.3467741935483871,0.346774193548387
ML1M,ML1M,2,loo,mainstream,False,0.9602188467979432,,
ML1M,ML1M,2,loo,niche,False,0.9003252983093262,,
ML1M,ML1M,2,loo,niche,True,0.8548506498336792,0.2415254237288135,0.2415254237288135
ML1M,ML1M,2,loo,niche,True,0.9293108582496644,0.4108910891089108,0.4108910940759646
ML1M,ML1M,2,loo,niche,True,0.864832878112793,0.5,0.5
ML1M,ML1M,2,loo,niche,False,0.8734102249145508,,
ML1M,ML1M,2,loo,niche,False,0.8501922488212585,,
ML1M,ML1M,2,loo,niche,True,0.9081632494926452,0.5,0.5
ML1M,ML1M,2,loo,niche,True,0.9219166040420532,0.5,0.5
ML1M,ML1M,2,loo,mainstream,True,0.979443907737732,0.5,0.5
ML1M,ML1M,2,loo,mainstream,False,0.900916874408722,,
ML1M,ML1M,2,loo,mainstream,True,0.9556344151496888,0.3809523809523809,0.3809523809523809
ML1M,ML1M,2,loo,mainstream,False,0.8958888053894043,,
ML1M,ML1M,2,loo,niche,True,0.9019520878791808,0.5,0.5
ML1M,ML1M,2,loo,niche,True,0.8598048090934753,0.5,0.5
ML1M,ML1M,2,loo,mainstream,True,0.9778172373771667,0.3965517241379311,0.3965517286082794
ML1M,ML1M,2,loo,niche,False,0.934338927268982,,
ML1M,ML1M,2,loo,mainstream,True,0.9432120323181152,-0.096774193548387,0.121863807561577
ML1M,ML1M,2,loo,mainstream,True,0.9859509468078612,0.3030303030303031,0.3030303079973568
ML1M,ML1M,2,loo,niche,True,0.8688997030258179,0.0387096774193548,0.1169892571465943
ML1M,ML1M,2,loo,niche,False,0.7227151393890381,,
ML1M,ML1M,2,loo,mainstream,True,0.9429162740707396,0.4342105263157895,0.4342105263157895
ML1M,ML1M,2,loo,mainstream,True,0.934560775756836,0.4363636363636364,0.4363636363636364
ML1M,ML1M,2,loo,mainstream,False,0.897663414478302,,
ML1M,ML1M,2,loo,mainstream,True,0.9781129956245422,0.3720000000000001,0.3720000044703483
ML1M,ML1M,2,loo,mainstream,True,0.9404022693634032,-0.1451612903225806,0.1702509043357706
ML1M,ML1M,2,loo,niche,True,0.9037266969680786,0.2228260869565217,0.2744565217391304
ML1M,ML1M,2,loo,mainstream,True,0.9918663501739502,0.2666666666666666,0.2666666716337204
ML1M,ML1M,2,loo,mainstream,False,0.9228038787841796,,
ML1M,ML1M,2,loo,mainstream,True,0.9585921168327332,0.2717391304347826,0.2717391304347826
ML1M,ML1M,2,loo,niche,True,0.8793256282806396,0.2028985507246377,0.2028985507246377
ML1M,ML1M,2,loo,niche,True,0.8935226202011108,0.5,0.5
ML1M,ML1M,2,loo,niche,True,0.9390712976455688,0.5,0.5
ML1M,ML1M,2,loo,niche,True,0.8325939178466797,0.5,0.5
ML1M,ML1M,2,loo,niche,False,0.885980486869812,,
ML1M,ML1M,2,loo,niche,True,0.8200236558914185,-0.1236263736263736,0.1820054945054945
ML1M,ML1M,2,loo,niche,False,0.8796953558921814,,
ML1M,ML1M,2,loo,niche,True,0.8760721683502197,-0.2647058823529412,0.2647058823529412
ML1M,ML1M,2,loo,mainstream,True,0.984619915485382,0.3148148148148147,0.3148148148148147
ML1M,ML1M,2,loo,mainstream,False,0.9623632431030272,,
ML1M,ML1M,2,loo,mainstream,True,0.9445430636405944,0.3761904761904762,0.3761904761904762
ML1M,ML1M,2,loo,mainstream,True,0.8947796821594238,-0.0764840182648401,0.2191780821917808
ML1M,ML1M,2,loo,mainstream,True,0.9593315720558168,-0.0285714285714285,0.0285714285714285
ML1M,ML1M,2,loo,niche,True,0.8444247245788574,0.5,0.5
ML1M,ML1M,2,loo,niche,True,0.934338927268982,0.5,0.5
ML1M,ML1M,2,loo,mainstream,True,0.9509021043777466,0.1869918699186992,0.1869918748857529
ML1M,ML1M,2,loo,mainstream,False,0.9526767134666444,,
ML1M,ML1M,2,loo,mainstream,True,0.9710144996643066,0.5,0.5
ML1M,ML1M,2,loo,niche,False,0.9398106932640076,,
ML1M,ML1M,2,loo,mainstream,True,0.8958888053894043,0.2674418604651163,0.26744186543217
ML1M,ML1M,2,loo,niche,False,0.8325939178466797,,
ML1M,ML1M,2,loo,mainstream,True,0.9921621084213256,0.5,0.5
ML1M,ML1M,2,loo,niche,True,0.8617272973060608,0.2373737373737373,0.2373737423407911
ML1M,ML1M,2,loo,niche,False,0.9081632494926452,,
ML1M,ML1M,2,loo,niche,True,0.9198461771011353,0.5,0.5
ML1M,ML1M,2,loo,mainstream,False,0.9679828882217408,,
ML1M,ML1M,2,loo,mainstream,False,0.9272404909133912,,
ML1M,ML1M,2,loo,niche,True,0.8913782835006714,-0.4339622641509434,0.4339622641509434
ML1M,ML1M,2,loo,mainstream,True,0.96983140707016,0.244,0.2680000050663947
ML1M,ML1M,2,loo,niche,False,0.8601005673408508,,
ML1M,ML1M,2,loo,mainstream,False,0.9387755393981934,,
ML1M,ML1M,2,loo,mainstream,False,0.9909789562225342,,
ML1M,ML1M,2,loo,niche,True,0.8532239198684692,0.119047619047619,0.1349206431990578
ML1M,ML1M,2,loo,niche,True,0.938257932662964,0.0113636363636363,0.1931818181818182
ML1M,ML1M,2,loo,mainstream,True,0.9475007653236388,0.4599999999999999,0.46
ML1M,ML1M,2,loo,niche,False,0.8819875717163086,,
ML1M,ML1M,2,loo,mainstream,False,0.9545992612838744,,
ML1M,ML1M,2,loo,niche,True,0.942176878452301,0.108695652173913,0.1413043478260869
ML1M,ML1M,2,loo,niche,True,0.8877550959587097,-0.409090909090909,0.409090909090909
ML1M,ML1M,2,loo,niche,True,0.9274622797966005,0.5,0.5
ML1M,ML1M,2,loo,mainstream,True,0.9430641531944276,0.5,0.5
ML1M,ML1M,2,loo,niche,False,0.8837621808052063,,
ML1M,ML1M,2,loo,mainstream,True,0.9627329111099244,0.5,0.5
ML1M,ML1M,2,loo,niche,True,0.9012866020202636,0.5,0.5
ML1M,ML1M,2,loo,niche,False,0.8616533279418945,,
ML1M,ML1M,2,loo,niche,True,0.9482401609420776,0.2391304347826086,0.2391304347826086
ML1M,ML1M,2,loo,mainstream,True,0.9881691932678224,0.5,0.5
ML1M,ML1M,2,loo,mainstream,True,0.9272404909133912,-0.0040983606557377,0.1639344262295082
ML1M,ML1M,2,loo,niche,False,0.8307453393936157,,
ML1M,ML1M,2,loo,mainstream,False,0.9727891087532043,,
ML1M,ML1M,2,loo,mainstream,True,0.9179236888885498,-0.0379679144385026,0.1616042879096327
ML1M,ML1M,2,loo,mainstream,True,0.9072020053863524,-0.0277777777777777,0.0277777777777777
ML1M,ML1M,2,loo,niche,True,0.9171842336654664,0.5,0.5
ML1M,ML1M,2,loo,mainstream,True,0.9687222242355348,0.5,0.5
ML1M,ML1M,2,loo,mainstream,True,0.9352262616157532,-0.4697986577181208,0.4697986577181208
ML1M,ML1M,2,loo,mainstream,True,0.9463176727294922,0.4622641509433962,0.4622641559104499
ML1M,ML1M,2,loo,mainstream,False,0.9853593707084656,,
ML1M,ML1M,2,loo,mainstream,True,0.9487577676773072,0.4245283018867924,0.4245283063571408
ML1M,ML1M,2,loo,niche,True,0.8411712646484375,0.28125,0.28125
ML1M,ML1M,2,loo,mainstream,True,0.91467022895813,0.4624060150375939,0.4624060150375939
ML1M,ML1M,2,loo,mainstream,False,0.9696096181869508,,
ML1M,ML1M,2,loo,mainstream,True,0.967613160610199,0.3376623376623376,0.3376623376623376
ML1M,ML1M,2,loo,mainstream,True,0.9151138663291932,-0.0619672131147541,0.1826229606544385
ML1M,ML1M,2,loo,niche,False,0.8898994326591492,,
ML1M,ML1M,2,loo,mainstream,True,0.9624371528625488,0.0999999999999999,0.15
ML1M,ML1M,2,loo,niche,False,0.9291629791259766,,
ML1M,ML1M,2,loo,mainstream,False,0.9778172373771667,,
ML1M,ML1M,2,loo,niche,True,0.9404022693634032,0.5,0.5
ML1M,ML1M,2,loo,mainstream,True,0.8981070518493652,0.3456090651558073,0.3456090651558073
ML1M,ML1M,2,loo,niche,True,0.8707482814788818,0.2249999999999999,0.2249999999999999
ML1M,ML1M,2,loo,niche,True,0.8590653538703918,0.0870967741935484,0.1629032258064516
ML1M,ML1M,2,loo,mainstream,True,0.9740461111068726,0.5,0.5
ML1M,ML1M,2,loo,niche,False,0.920437753200531,,
ML1M,ML1M,2,loo,niche,True,0.8938183784484863,0.5,0.5
ML1M,ML1M,2,loo,mainstream,True,0.9505323767662048,0.2916666666666667,0.2916666666666667
ML1M,ML1M,2,loo,niche,True,0.9288672208786012,0.15625,0.15625
ML1M,ML1M,2,loo,mainstream,True,0.9631766080856324,0.3846153846153847,0.3846153846153846
ML1M,ML1M,2,loo,mainstream,True,0.9463176727294922,0.5,0.5
ML1M,ML1M,2,loo,mainstream,True,0.9813664555549622,0.3399999999999999,0.3399999999999999
ML1M,ML1M,2,loo,niche,False,0.9321945905685424,,
ML1M,ML1M,2,loo,mainstream,True,0.94809228181839,0.5,0.5
ML1M,ML1M,2,loo,niche,True,0.8920437693595886,0.072289156626506,0.1777108433734939
ML1M,ML1M,2,loo,niche,False,0.8649807572364807,,
ML1M,ML1M,2,loo,mainstream,True,0.9753031730651855,0.2916666666666666,0.2916666666666666
ML1M,ML1M,2,loo,niche,False,0.9123040437698364,,
ML1M,ML1M,2,loo,mainstream,True,0.9720497131347656,0.5,0.5
ML1M,ML1M,2,loo,niche,True,0.910825252532959,0.2416666666666667,0.2416666666666667
ML1M,ML1M,2,loo,mainstream,False,0.97988760471344,,
ML1M,ML1M,2,loo,mainstream,True,0.961845636367798,0.5,0.5
ML1M,ML1M,2,loo,mainstream,False,0.9614019393920898,,
ML1M,ML1M,2,loo,niche,True,0.8459035754203796,-0.4542483660130719,0.4542483660130719
ML1M,ML1M,2,loo,mainstream,True,0.9120082855224608,0.4339622641509434,0.4339622641509434
ML1M,ML1M,2,loo,niche,True,0.91141676902771,-0.2083333333333333,0.2083333283662796
ML1M,ML1M,2,loo,niche,True,0.7215321063995361,-0.4333333333333333,0.4333333333333333
ML1M,ML1M,2,loo,mainstream,True,0.9843241572380066,0.5,0.5
ML1M,ML1M,2,loo,mainstream,True,0.9744898080825806,0.5,0.5
ML1M,ML1M,2,loo,mainstream,False,0.9279798865318298,,
ML1M,ML1M,2,loo,niche,False,0.9483880996704102,,
ML1M,ML1M,2,loo,mainstream,False,0.9843241572380066,,
ML1M,ML1M,2,loo,niche,True,0.9486098885536194,0.5,0.5
ML1M,ML1M,2,loo,mainstream,False,0.9602188467979432,,
ML1M,ML1M,2,loo,niche,True,0.9233954548835754,0.0161290322580645,0.2338709677419355
ML1M,ML1M,2,loo,niche,True,0.8410233855247498,-0.0718884120171674,0.1276824034334764
ML1M,ML1M,2,loo,mainstream,True,0.9664300680160522,0.3148148148148147,0.3148148148148147
ML1M,ML1M,2,loo,niche,True,0.8781425356864929,-0.3987854251012145,0.3987854251012145
ML1M,ML1M,2,loo,niche,True,0.8485655188560486,0.0064220183486238,0.1392660642845914
ML1M,ML1M,2,loo,niche,True,0.8598048090934753,0.0357142857142857,0.0803571428571428
ML1M,ML1M,2,loo,mainstream,False,0.899290144443512,,
ML1M,ML1M,2,loo,mainstream,True,0.9463915824890136,0.4037500000000001,0.4037500044703483
ML1M,ML1M,2,loo,niche,True,0.8200236558914185,0.5,0.5
ML1M,ML1M,2,loo,niche,False,0.9281277656555176,,
ML1M,ML1M,2,loo,niche,False,0.8141082525253296,,
ML1M,ML1M,2,loo,mainstream,True,0.9514936208724976,0.1293103448275862,0.1293103448275862
ML1M,ML1M,2,loo,niche,False,0.8649807572364807,,
ML1M,ML1M,2,loo,mainstream,True,0.9764862656593324,0.4735449735449735,0.4735449785120272
ML1M,ML1M,2,loo,niche,True,0.820763111114502,-0.3285714285714285,0.3285714285714285
ML1M,ML1M,2,loo,niche,True,0.9234694242477416,0.5,0.5
ML1M,ML1M,2,loo,niche,True,0.8771073818206787,-0.2407407407407407,0.2407407407407407
ML1M,ML1M,2,loo,niche,True,0.9219166040420532,0.4722222222222222,0.4722222222222222
ML1M,ML1M,2,loo,niche,False,0.7796509861946106,,
ML1M,ML1M,2,loo,mainstream,True,0.9525288343429564,0.5,0.5
ML1M,ML1M,2,loo,mainstream,True,0.9505324363708496,0.5,0.5
ML1M,ML1M,2,loo,niche,True,0.9122301340103148,0.5,0.5
ML1M,ML1M,2,loo,niche,True,0.9412895441055298,0.5,0.5
ML1M,ML1M,2,loo,mainstream,True,0.9458000659942628,-0.0566666666666667,0.1666666666666666
ML1M,ML1M,2,loo,niche,False,0.8736320734024048,,
ML1M,ML1M,2,loo,mainstream,True,0.9914226531982422,0.5,0.5
ML1M,ML1M,2,loo,mainstream,False,0.9179236888885498,,
ML1M,ML1M,2,loo,mainstream,False,0.9239869713783264,,
ML1M,ML1M,2,loo,niche,True,0.8159568309783936,-0.2818181818181818,0.2818181818181818
ML1M,ML1M,2,loo,niche,True,0.7978408336639404,0.0052631578947368,0.0642105260177662
ML1M,ML1M,2,loo,mainstream,True,0.9524549245834352,0.3874999999999999,0.3875
ML1M,ML1M,2,loo,niche,True,0.9371488094329834,0.5,0.5
ML1M,ML1M,2,loo,niche,True,0.8633540272712708,0.1696165191740414,0.2453294084750797
ML1M,ML1M,2,loo,mainstream,False,0.951197862625122,,
ML1M,ML1M,2,loo,niche,False,0.8848713636398315,,
ML1M,ML1M,2,loo,niche,True,0.873853862285614,0.0,0.088235294117647
ML1M,ML1M,2,loo,mainstream,True,0.9267228841781616,0.5,0.5
ML1M,ML1M,2,loo,mainstream,False,0.9742679595947266,,
ML1M,ML1M,2,loo,mainstream,True,0.9492014050483704,0.5,0.5
ML1M,ML1M,2,loo,mainstream,True,0.9426205158233644,0.5,0.5
ML1M,ML1M,2,loo,niche,True,0.909124493598938,0.0141843971631204,0.0354609978748551
ML1M,ML1M,2,loo,niche,True,0.7585033774375916,-0.3260869565217391,0.3260869565217391
ML1M,ML1M,2,loo,mainstream,False,0.942176878452301,,
ML1M,ML1M,2,loo,niche,False,0.873853862285614,,
ML1M,ML1M,2,loo,niche,False,0.8828748464584351,,
ML1M,ML1M,2,loo,mainstream,True,0.9667997360229492,0.5,0.5
ML1M,ML1M,2,loo,niche,True,0.873853862285614,0.2318181818181818,0.2488636363636363
ML1M,ML1M,2,loo,mainstream,True,0.9404022693634032,-0.0638297872340425,0.1223404255319149
ML1M,ML1M,2,loo,niche,False,0.8874593377113342,,
ML1M,ML1M,2,loo,mainstream,True,0.9455782175064088,0.5,0.5
ML1M,ML1M,2,loo,mainstream,False,0.8986246585845947,,
ML1M,ML1M,2,loo,niche,True,0.8856107592582703,0.044642857142857,0.1473214285714285
ML1M,ML1M,2,loo,niche,False,0.9161490201950072,,
ML1M,ML1M,2,loo,mainstream,False,0.8945578336715698,,
ML1M,ML1M,2,loo,mainstream,True,0.8998077511787415,0.4224137931034483,0.4224137931034483
ML1M,ML1M,2,loo,niche,False,0.8955930471420288,,
ML1M,ML1M,2,loo,niche,False,0.8113723993301392,,
ML1M,ML1M,2,loo,niche,True,0.934191107749939,0.5,0.5
ML1M,ML1M,2,loo,mainstream,True,0.9494972229003906,0.0212765957446808,0.2287234042553191
ML1M,ML1M,2,loo,niche,True,0.8808784484863281,-0.1168582375478926,0.1858237630676949
ML1M,ML1M,2,loo,mainstream,False,0.9704229235649108,,
ML1M,ML1M,2,loo,mainstream,False,0.9553386569023132,,
ML1M,ML1M,2,loo,niche,True,0.8893818855285645,-0.229126213592233,0.2691262186586278
AmazonBooksDense_u3000_i1500,Amazon,0,lxr,mainstream,False,0.868486762046814,,
AmazonBooksDense_u3000_i1500,Amazon,0,lxr,mainstream,False,0.890613853931427,,
AmazonBooksDense_u3000_i1500,Amazon,0,lxr,niche,False,0.1837972849607467,,
AmazonBooksDense_u3000_i1500,Amazon,0,lxr,niche,False,0.2519628703594208,,
AmazonBooksDense_u3000_i1500,Amazon,0,lxr,niche,True,0.1156316921114921,0.3125,0.3125
AmazonBooksDense_u3000_i1500,Amazon,0,lxr,mainstream,True,0.6948608160018921,0.0277777777777777,0.0624999999999999
AmazonBooksDense_u3000_i1500,Amazon,0,lxr,mainstream,False,0.8019272089004517,,
AmazonBooksDense_u3000_i1500,Amazon,0,lxr,niche,True,0.2519628703594208,0.1799999999999999,0.18
AmazonBooksDense_u3000_i1500,Amazon,0,lxr,niche,False,0.3718772232532501,,
AmazonBooksDense_u3000_i1500,Amazon,0,lxr,niche,False,0.8224482536315918,,
AmazonBooksDense_u3000_i1500,Amazon,0,lxr,niche,True,0.2519628703594208,0.2272727272727273,0.2272727272727273
AmazonBooksDense_u3000_i1500,Amazon,0,lxr,niche,False,0.3718772232532501,,
AmazonBooksDense_u3000_i1500,Amazon,0,lxr,mainstream,True,0.8429692983627319,-0.0333333333333333,0.0333333333333333
AmazonBooksDense_u3000_i1500,Amazon,0,lxr,niche,True,0.4732334017753601,0.0714285714285714,0.0714285714285714
AmazonBooksDense_u3000_i1500,Amazon,0,lxr,niche,True,0.4664525389671325,0.0,0.0833333333333333
AmazonBooksDense_u3000_i1500,Amazon,0,lxr,niche,True,0.1837972849607467,0.2222222222222223,0.2222222271892759
AmazonBooksDense_u3000_i1500,Amazon,0,lxr,mainstream,True,0.7548179626464844,0.3,0.3
AmazonBooksDense_u3000_i1500,Amazon,0,lxr,mainstream,True,0.9532476663589478,0.15625,0.1562500049670537
AmazonBooksDense_u3000_i1500,Amazon,0,lxr,mainstream,True,0.9286224246025084,-0.0454545454545454,0.0454545454545454
AmazonBooksDense_u3000_i1500,Amazon,0,lxr,niche,True,0.4064953327178955,0.25,0.25
AmazonBooksDense_u3000_i1500,Amazon,0,lxr,niche,True,0.1156316921114921,0.1999999999999999,0.1999999999999999
AmazonBooksDense_u3000_i1500,Amazon,0,lxr,mainstream,False,0.6279443502426147,,
AmazonBooksDense_u3000_i1500,Amazon,0,lxr,mainstream,False,0.6948608160018921,,
AmazonBooksDense_u3000_i1500,Amazon,0,lxr,mainstream,False,0.8743754625320435,,
AmazonBooksDense_u3000_i1500,Amazon,0,lxr,niche,False,0.3718772232532501,,
AmazonBooksDense_u3000_i1500,Amazon,0,lxr,mainstream,True,0.8841898441314697,-0.1071428571428571,0.1071428571428571
AmazonBooksDense_u3000_i1500,Amazon,0,lxr,mainstream,True,0.752855122089386,0.0416666666666666,0.0694444527228673
AmazonBooksDense_u3000_i1500,Amazon,0,lxr,niche,False,0.4225553274154663,,
AmazonBooksDense_u3000_i1500,Amazon,0,lxr,mainstream,True,0.778372585773468,0.5,0.5
AmazonBooksDense_u3000_i1500,Amazon,0,lxr,mainstream,False,0.8743754625320435,,
AmazonBooksDense_u3000_i1500,Amazon,0,lxr,mainstream,True,0.981441855430603,0.1999999999999999,0.2
AmazonBooksDense_u3000_i1500,Amazon,0,lxr,mainstream,False,0.8586723804473877,,
AmazonBooksDense_u3000_i1500,Amazon,0,lxr,mainstream,True,0.9457530379295348,0.2285714285714285,0.2285714330417769
AmazonBooksDense_u3000_i1500,Amazon,0,lxr,mainstream,True,0.7548179626464844,0.106060606060606,0.1060606110276597
AmazonBooksDense_u3000_i1500,Amazon,0,lxr,niche,True,0.3718772232532501,-0.125,0.125
AmazonBooksDense_u3000_i1500,Amazon,0,lxr,mainstream,True,0.7548179626464844,0.1,0.1
AmazonBooksDense_u3000_i1500,Amazon,0,lxr,niche,True,0.4732334017753601,0.4333333333333333,0.4333333333333333
AmazonBooksDense_u3000_i1500,Amazon,0,lxr,mainstream,True,0.778372585773468,0.125,0.1250000049670537
AmazonBooksDense_u3000_i1500,Amazon,0,lxr,niche,True,0.5610278248786926,-0.3,0.3
AmazonBooksDense_u3000_i1500,Amazon,0,lxr,mainstream,False,0.8429692983627319,,
AmazonBooksDense_u3000_i1500,Amazon,0,lxr,niche,False,0.3718772232532501,,
AmazonBooksDense_u3000_i1500,Amazon,0,lxr,mainstream,True,0.6948608160018921,0.1666666666666666,0.1666666716337204
AmazonBooksDense_u3000_i1500,Amazon,0,lxr,niche,False,0.4732334017753601,,
AmazonBooksDense_u3000_i1500,Amazon,0,lxr,niche,False,0.2519628703594208,,
AmazonBooksDense_u3000_i1500,Amazon,0,lxr,mainstream,False,0.8743754625320435,,
AmazonBooksDense_u3000_i1500,Amazon,0,lxr,niche,True,0.4732334017753601,0.111111111111111,0.1180555555555555
AmazonBooksDense_u3000_i1500,Amazon,0,lxr,mainstream,False,0.8743754625320435,,
AmazonBooksDense_u3000_i1500,Amazon,0,lxr,niche,False,0.4732334017753601,,
AmazonBooksDense_u3000_i1500,Amazon,0,lxr,niche,False,0.4732334017753601,,
AmazonBooksDense_u3000_i1500,Amazon,0,lxr,mainstream,True,0.6948608160018921,-0.125,0.125
AmazonBooksDense_u3000_i1500,Amazon,0,lxr,niche,True,0.3718772232532501,-0.0909090909090908,0.1193181818181818
AmazonBooksDense_u3000_i1500,Amazon,0,lxr,niche,True,0.3718772232532501,0.3055555555555554,0.3055555555555556
AmazonBooksDense_u3000_i1500,Amazon,0,lxr,niche,True,0.5522841215133667,0.1666666666666666,0.1666666666666666
AmazonBooksDense_u3000_i1500,Amazon,0,lxr,niche,False,0.1156316921114921,,
AmazonBooksDense_u3000_i1500,Amazon,0,lxr,niche,True,0.5610278248786926,0.4285714285714286,0.4285714285714285
AmazonBooksDense_u3000_i1500,Amazon,0,lxr,niche,False,0.5610278248786926,,
AmazonBooksDense_u3000_i1500,Amazon,0,lxr,mainstream,True,0.5961812734603882,0.5,0.5
AmazonBooksDense_u3000_i1500,Amazon,0,lxr,niche,True,0.3718772232532501,-0.1363636363636363,0.1363636363636363
AmazonBooksDense_u3000_i1500,Amazon,0,lxr,niche,False,0.6313347816467285,,
AmazonBooksDense_u3000_i1500,Amazon,0,lxr,niche,True,0.2437544614076614,0.25,0.25
AmazonBooksDense_u3000_i1500,Amazon,0,lxr,mainstream,True,0.6313347816467285,0.0999999999999999,0.15
AmazonBooksDense_u3000_i1500,Amazon,0,lxr,niche,False,0.1156316921114921,,
AmazonBooksDense_u3000_i1500,Amazon,0,lxr,niche,False,0.5610278248786926,,
AmazonBooksDense_u3000_i1500,Amazon,0,lxr,mainstream,False,0.9457530379295348,,
AmazonBooksDense_u3000_i1500,Amazon,0,lxr,mainstream,False,0.8429692983627319,,
AmazonBooksDense_u3000_i1500,Amazon,0,lxr,mainstream,True,0.6630977988243103,0.125,0.125
AmazonBooksDense_u3000_i1500,Amazon,0,lxr,mainstream,True,0.6948608160018921,0.0333333333333333,0.1444444361660215
AmazonBooksDense_u3000_i1500,Amazon,0,lxr,niche,False,0.2519628703594208,,
AmazonBooksDense_u3000_i1500,Amazon,0,lxr,niche,True,0.5610278248786926,0.125,0.1250000049670537
AmazonBooksDense_u3000_i1500,Amazon,0,lxr,niche,True,0.2519628703594208,0.0,0.05
AmazonBooksDense_u3000_i1500,Amazon,0,lxr,niche,False,0.4732334017753601,,
AmazonBooksDense_u3000_i1500,Amazon,0,lxr,mainstream,True,0.8429692983627319,0.0686274509803922,0.0686274559474458
AmazonBooksDense_u3000_i1500,Amazon,0,lxr,mainstream,True,0.8940042853355408,0.1222222222222222,0.1222222222222222
AmazonBooksDense_u3000_i1500,Amazon,0,lxr,mainstream,True,0.9607423543930054,0.2833333333333333,0.2833333333333333
AmazonBooksDense_u3000_i1500,Amazon,0,loo,mainstream,True,0.868486762046814,0.125,0.125
AmazonBooksDense_u3000_i1500,Amazon,0,loo,mainstream,False,0.890613853931427,,
AmazonBooksDense_u3000_i1500,Amazon,0,loo,niche,True,0.1837972849607467,0.2727272727272727,0.2727272771976211
AmazonBooksDense_u3000_i1500,Amazon,0,loo,niche,False,0.2519628703594208,,
AmazonBooksDense_u3000_i1500,Amazon,0,loo,niche,True,0.1156316921114921,0.5,0.5
AmazonBooksDense_u3000_i1500,Amazon,0,loo,mainstream,True,0.6948608160018921,0.1666666666666667,0.1666666666666666
AmazonBooksDense_u3000_i1500,Amazon,0,loo,mainstream,True,0.8019272089004517,0.3421052631578947,0.3421052681249484
AmazonBooksDense_u3000_i1500,Amazon,0,loo,niche,True,0.2519628703594208,0.2599999999999999,0.2600000049670537
AmazonBooksDense_u3000_i1500,Amazon,0,loo,niche,False,0.3718772232532501,,
AmazonBooksDense_u3000_i1500,Amazon,0,loo,niche,True,0.8224482536315918,0.1805555555555554,0.1805555605226092
AmazonBooksDense_u3000_i1500,Amazon,0,loo,niche,True,0.2519628703594208,0.2272727272727273,0.2272727272727273
AmazonBooksDense_u3000_i1500,Amazon,0,loo,niche,False,0.3718772232532501,,
AmazonBooksDense_u3000_i1500,Amazon,0,loo,mainstream,False,0.8429692983627319,,
AmazonBooksDense_u3000_i1500,Amazon,0,loo,niche,True,0.4732334017753601,0.1857142857142857,0.185714290184634
AmazonBooksDense_u3000_i1500,Amazon,0,loo,niche,True,0.4664525389671325,0.25,0.25
AmazonBooksDense_u3000_i1500,Amazon,0,loo,niche,True,0.1837972849607467,0.375,0.375
AmazonBooksDense_u3000_i1500,Amazon,0,loo,mainstream,True,0.7548179626464844,0.5,0.5
AmazonBooksDense_u3000_i1500,Amazon,0,loo,mainstream,True,0.9532476663589478,0.21875,0.21875
AmazonBooksDense_u3000_i1500,Amazon,0,loo,mainstream,True,0.9286224246025084,0.409090909090909,0.409090909090909
AmazonBooksDense_u3000_i1500,Amazon,0,loo,niche,True,0.4064953327178955,0.5,0.5
AmazonBooksDense_u3000_i1500,Amazon,0,loo,niche,True,0.1156316921114921,0.5,0.5
AmazonBooksDense_u3000_i1500,Amazon,0,loo,mainstream,False,0.6279443502426147,,
AmazonBooksDense_u3000_i1500,Amazon,0,loo,mainstream,False,0.6948608160018921,,
AmazonBooksDense_u3000_i1500,Amazon,0,loo,mainstream,False,0.8743754625320435,,
AmazonBooksDense_u3000_i1500,Amazon,0,loo,niche,False,0.3718772232532501,,
AmazonBooksDense_u3000_i1500,Amazon,0,loo,mainstream,True,0.8841898441314697,0.0,0.0
AmazonBooksDense_u3000_i1500,Amazon,0,loo,mainstream,True,0.752855122089386,0.3333333333333333,0.3333333383003871
AmazonBooksDense_u3000_i1500,Amazon,0,loo,niche,False,0.4225553274154663,,
AmazonBooksDense_u3000_i1500,Amazon,0,loo,mainstream,True,0.778372585773468,0.5,0.5
AmazonBooksDense_u3000_i1500,Amazon,0,loo,mainstream,True,0.8743754625320435,0.3571428571428572,0.3571428571428571
AmazonBooksDense_u3000_i1500,Amazon,0,loo,mainstream,True,0.981441855430603,0.1444444444444445,0.1444444494114982
AmazonBooksDense_u3000_i1500,Amazon,0,loo,mainstream,True,0.8586723804473877,0.2083333333333333,0.2083333333333333
AmazonBooksDense_u3000_i1500,Amazon,0,loo,mainstream,False,0.9457530379295348,,
AmazonBooksDense_u3000_i1500,Amazon,0,loo,mainstream,True,0.7548179626464844,0.2954545454545454,0.2954545454545454
AmazonBooksDense_u3000_i1500,Amazon,0,loo,niche,False,0.3718772232532501,,
AmazonBooksDense_u3000_i1500,Amazon,0,loo,mainstream,True,0.7548179626464844,0.5,0.5
AmazonBooksDense_u3000_i1500,Amazon,0,loo,niche,True,0.4732334017753601,0.3666666666666667,0.3666666666666667
AmazonBooksDense_u3000_i1500,Amazon,0,loo,mainstream,True,0.778372585773468,0.1875,0.1875
AmazonBooksDense_u3000_i1500,Amazon,0,loo,niche,True,0.5610278248786926,0.3666666666666667,0.3666666666666667
AmazonBooksDense_u3000_i1500,Amazon,0,loo,mainstream,True,0.8429692983627319,0.1999999999999999,0.2000000044703483
AmazonBooksDense_u3000_i1500,Amazon,0,loo,niche,False,0.3718772232532501,,
AmazonBooksDense_u3000_i1500,Amazon,0,loo,mainstream,True,0.6948608160018921,0.2037037037037037,0.2037037086707574
AmazonBooksDense_u3000_i1500,Amazon,0,loo,niche,True,0.4732334017753601,0.2857142857142857,0.2857142857142857
AmazonBooksDense_u3000_i1500,Amazon,0,loo,niche,True,0.2519628703594208,0.3461538461538461,0.3461538461538461
AmazonBooksDense_u3000_i1500,Amazon,0,loo,mainstream,False,0.8743754625320435,,
AmazonBooksDense_u3000_i1500,Amazon,0,loo,niche,True,0.4732334017753601,0.2777777777777777,0.2777777777777777
AmazonBooksDense_u3000_i1500,Amazon,0,loo,mainstream,False,0.8743754625320435,,
AmazonBooksDense_u3000_i1500,Amazon,0,loo,niche,True,0.4732334017753601,0.2666666666666666,0.2666666716337204
AmazonBooksDense_u3000_i1500,Amazon,0,loo,niche,True,0.4732334017753601,0.0714285714285714,0.0714285714285714
AmazonBooksDense_u3000_i1500,Amazon,0,loo,mainstream,True,0.6948608160018921,0.5,0.5
AmazonBooksDense_u3000_i1500,Amazon,0,loo,niche,False,0.3718772232532501,,
AmazonBooksDense_u3000_i1500,Amazon,0,loo,niche,True,0.3718772232532501,0.2111111111111111,0.2111111155814594
AmazonBooksDense_u3000_i1500,Amazon,0,loo,niche,True,0.5522841215133667,0.5,0.5
AmazonBooksDense_u3000_i1500,Amazon,0,loo,niche,False,0.1156316921114921,,
AmazonBooksDense_u3000_i1500,Amazon,0,loo,niche,True,0.5610278248786926,0.4285714285714286,0.4285714285714285
AmazonBooksDense_u3000_i1500,Amazon,0,loo,niche,True,0.5610278248786926,0.3611111111111111,0.361111111111111
AmazonBooksDense_u3000_i1500,Amazon,0,loo,mainstream,True,0.5961812734603882,0.5,0.5
AmazonBooksDense_u3000_i1500,Amazon,0,loo,niche,True,0.3718772232532501,0.5,0.5
AmazonBooksDense_u3000_i1500,Amazon,0,loo,niche,False,0.6313347816467285,,
AmazonBooksDense_u3000_i1500,Amazon,0,loo,niche,True,0.2437544614076614,0.4166666666666666,0.4166666666666666
AmazonBooksDense_u3000_i1500,Amazon,0,loo,mainstream,True,0.6313347816467285,0.4,0.4
AmazonBooksDense_u3000_i1500,Amazon,0,loo,niche,True,0.1156316921114921,0.4555555555555556,0.4555555605226093
AmazonBooksDense_u3000_i1500,Amazon,0,loo,niche,False,0.5610278248786926,,
AmazonBooksDense_u3000_i1500,Amazon,0,loo,mainstream,False,0.9457530379295348,,
AmazonBooksDense_u3000_i1500,Amazon,0,loo,mainstream,False,0.8429692983627319,,
AmazonBooksDense_u3000_i1500,Amazon,0,loo,mainstream,True,0.6630977988243103,0.25,0.2500000049670537
AmazonBooksDense_u3000_i1500,Amazon,0,loo,mainstream,False,0.6948608160018921,,
AmazonBooksDense_u3000_i1500,Amazon,0,loo,niche,True,0.2519628703594208,0.3725490196078431,0.3725490245748968
AmazonBooksDense_u3000_i1500,Amazon,0,loo,niche,True,0.5610278248786926,0.25,0.2500000049670537
AmazonBooksDense_u3000_i1500,Amazon,0,loo,niche,True,0.2519628703594208,0.1999999999999999,0.2
AmazonBooksDense_u3000_i1500,Amazon,0,loo,niche,True,0.4732334017753601,0.125,0.125
AmazonBooksDense_u3000_i1500,Amazon,0,loo,mainstream,True,0.8429692983627319,0.0441176470588234,0.0698529411764705
AmazonBooksDense_u3000_i1500,Amazon,0,loo,mainstream,True,0.8940042853355408,0.2222222222222222,0.2222222222222222
AmazonBooksDense_u3000_i1500,Amazon,0,loo,mainstream,True,0.9607423543930054,0.0555555555555555,0.0555555605226092
AmazonBooksDense_u3000_i1500,Amazon,1,lxr,mainstream,True,0.6313347816467285,-0.0999999999999999,0.1
AmazonBooksDense_u3000_i1500,Amazon,1,lxr,mainstream,True,0.778372585773468,0.2142857142857143,0.214285719252768
AmazonBooksDense_u3000_i1500,Amazon,1,lxr,niche,True,0.4732334017753601,-0.0555555555555555,0.0555555555555555
AmazonBooksDense_u3000_i1500,Amazon,1,lxr,mainstream,True,0.6279443502426147,0.0625,0.1875
AmazonBooksDense_u3000_i1500,Amazon,1,lxr,mainstream,True,0.8743754625320435,0.1851063829787234,0.1851063874490717
AmazonBooksDense_u3000_i1500,Amazon,1,lxr,mainstream,True,0.868486762046814,0.1666666666666666,0.211111119389534
AmazonBooksDense_u3000_i1500,Amazon,1,lxr,niche,True,0.4225553274154663,0.3333333333333333,0.3333333333333333
AmazonBooksDense_u3000_i1500,Amazon,1,lxr,mainstream,False,0.8586723804473877,,
AmazonBooksDense_u3000_i1500,Amazon,1,lxr,mainstream,False,0.8429692983627319,,
AmazonBooksDense_u3000_i1500,Amazon,1,lxr,mainstream,False,0.8429692983627319,,
AmazonBooksDense_u3000_i1500,Amazon,1,lxr,mainstream,False,0.9457530379295348,,
AmazonBooksDense_u3000_i1500,Amazon,1,lxr,mainstream,True,0.9607423543930054,0.3,0.3
AmazonBooksDense_u3000_i1500,Amazon,1,lxr,niche,True,0.4664525389671325,0.5,0.5
AmazonBooksDense_u3000_i1500,Amazon,1,lxr,niche,True,0.2519628703594208,0.3461538461538461,0.3461538461538461
AmazonBooksDense_u3000_i1500,Amazon,1,lxr,niche,True,0.5522841215133667,0.0833333333333332,0.1666666666666666
AmazonBooksDense_u3000_i1500,Amazon,1,lxr,mainstream,True,0.7548179626464844,-0.0454545454545454,0.0681818181818181
AmazonBooksDense_u3000_i1500,Amazon,1,lxr,niche,True,0.3718772232532501,0.5,0.5
AmazonBooksDense_u3000_i1500,Amazon,1,lxr,niche,True,0.2519628703594208,0.3399999999999999,0.3399999999999999
AmazonBooksDense_u3000_i1500,Amazon,1,lxr,niche,True,0.3718772232532501,0.1999999999999999,0.1999999999999999
AmazonBooksDense_u3000_i1500,Amazon,1,lxr,mainstream,False,0.8841898441314697,,
AmazonBooksDense_u3000_i1500,Amazon,1,lxr,niche,False,0.6313347816467285,,
AmazonBooksDense_u3000_i1500,Amazon,1,lxr,mainstream,True,0.981441855430603,-0.1,0.1222222139437993
AmazonBooksDense_u3000_i1500,Amazon,1,lxr,niche,True,0.4064953327178955,0.5,0.5
AmazonBooksDense_u3000_i1500,Amazon,1,lxr,niche,False,0.3718772232532501,,
AmazonBooksDense_u3000_i1500,Amazon,1,lxr,mainstream,True,0.6948608160018921,0.1470588235294118,0.1470588235294118
AmazonBooksDense_u3000_i1500,Amazon,1,lxr,mainstream,False,0.5610278248786926,,
AmazonBooksDense_u3000_i1500,Amazon,1,lxr,mainstream,False,0.8940042853355408,,
AmazonBooksDense_u3000_i1500,Amazon,1,lxr,niche,True,0.3718772232532501,0.0454545454545454,0.0454545454545454
AmazonBooksDense_u3000_i1500,Amazon,1,lxr,mainstream,True,0.5961812734603882,0.2250000000000001,0.225
AmazonBooksDense_u3000_i1500,Amazon,1,lxr,niche,True,0.3718772232532501,0.368421052631579,0.3684210526315789
AmazonBooksDense_u3000_i1500,Amazon,1,lxr,niche,True,0.2519628703594208,0.0333333333333333,0.0555555472771326
AmazonBooksDense_u3000_i1500,Amazon,1,lxr,mainstream,False,0.9457530379295348,,
AmazonBooksDense_u3000_i1500,Amazon,1,lxr,niche,True,0.4732334017753601,-0.3095238095238095,0.3095238095238095
AmazonBooksDense_u3000_i1500,Amazon,1,lxr,mainstream,False,0.8743754625320435,,
AmazonBooksDense_u3000_i1500,Amazon,1,lxr,mainstream,True,0.6948608160018921,0.2083333333333333,0.208333338300387
AmazonBooksDense_u3000_i1500,Amazon,1,lxr,mainstream,True,0.8429692983627319,0.3333333333333333,0.3333333333333333
AmazonBooksDense_u3000_i1500,Amazon,1,lxr,niche,False,0.2519628703594208,,
AmazonBooksDense_u3000_i1500,Amazon,1,lxr,mainstream,True,0.9286224246025084,0.1363636363636363,0.159090909090909
AmazonBooksDense_u3000_i1500,Amazon,1,lxr,niche,True,0.5610278248786926,0.0625,0.0625
AmazonBooksDense_u3000_i1500,Amazon,1,lxr,niche,False,0.5610278248786926,,
AmazonBooksDense_u3000_i1500,Amazon,1,lxr,niche,False,0.5610278248786926,,
AmazonBooksDense_u3000_i1500,Amazon,1,lxr,niche,True,0.4732334017753601,0.1083333333333333,0.1083333378036817
AmazonBooksDense_u3000_i1500,Amazon,1,lxr,mainstream,True,0.8429692983627319,0.0777777777777778,0.1000000082784228
AmazonBooksDense_u3000_i1500,Amazon,1,lxr,mainstream,True,0.8743754625320435,0.5,0.5
AmazonBooksDense_u3000_i1500,Amazon,1,lxr,mainstream,True,0.890613853931427,0.4285714285714286,0.4285714285714286
AmazonBooksDense_u3000_i1500,Amazon,1,lxr,niche,True,0.3718772232532501,0.0833333333333332,0.1111111111111111
AmazonBooksDense_u3000_i1500,Amazon,1,lxr,niche,True,0.1156316921114921,0.1666666666666666,0.211111119389534
AmazonBooksDense_u3000_i1500,Amazon,1,lxr,niche,True,0.4732334017753601,0.1142857142857143,0.1142857142857142
AmazonBooksDense_u3000_i1500,Amazon,1,lxr,mainstream,False,0.6948608160018921,,
AmazonBooksDense_u3000_i1500,Amazon,1,lxr,mainstream,True,0.778372585773468,-0.375,0.375
AmazonBooksDense_u3000_i1500,Amazon,1,lxr,niche,True,0.1156316921114921,0.2142857142857143,0.214285719252768
AmazonBooksDense_u3000_i1500,Amazon,1,lxr,mainstream,True,0.6630977988243103,0.4375,0.4375
AmazonBooksDense_u3000_i1500,Amazon,1,lxr,mainstream,True,0.752855122089386,0.0,0.0
AmazonBooksDense_u3000_i1500,Amazon,1,lxr,mainstream,True,0.8743754625320435,0.4142857142857142,0.4142857142857142
AmazonBooksDense_u3000_i1500,Amazon,1,lxr,mainstream,True,0.6948608160018921,0.2222222222222221,0.2222222222222222
AmazonBooksDense_u3000_i1500,Amazon,1,lxr,niche,True,0.4732334017753601,0.4,0.4
AmazonBooksDense_u3000_i1500,Amazon,1,lxr,niche,True,0.1156316921114921,0.2666666666666667,0.2666666666666667
AmazonBooksDense_u3000_i1500,Amazon,1,lxr,niche,True,0.4732334017753601,0.0999999999999999,0.0999999999999999
AmazonBooksDense_u3000_i1500,Amazon,1,lxr,niche,False,0.2519628703594208,,
AmazonBooksDense_u3000_i1500,Amazon,1,lxr,niche,False,0.1837972849607467,,
AmazonBooksDense_u3000_i1500,Amazon,1,lxr,mainstream,False,0.9532476663589478,,
AmazonBooksDense_u3000_i1500,Amazon,1,lxr,niche,True,0.5610278248786926,0.2142857142857142,0.2142857142857142
AmazonBooksDense_u3000_i1500,Amazon,1,lxr,niche,True,0.1156316921114921,0.25,0.25
AmazonBooksDense_u3000_i1500,Amazon,1,lxr,mainstream,True,0.6948608160018921,0.1666666666666666,0.1666666666666666
AmazonBooksDense_u3000_i1500,Amazon,1,lxr,niche,True,0.2437544614076614,0.1833333333333333,0.1833333378036817
AmazonBooksDense_u3000_i1500,Amazon,1,lxr,niche,False,0.3718772232532501,,
AmazonBooksDense_u3000_i1500,Amazon,1,lxr,niche,False,0.1837972849607467,,
AmazonBooksDense_u3000_i1500,Amazon,1,lxr,niche,True,0.2519628703594208,0.0588235294117646,0.1830065276692895
AmazonBooksDense_u3000_i1500,Amazon,1,lxr,mainstream,True,0.8019272089004517,-0.131578947368421,0.131578947368421
AmazonBooksDense_u3000_i1500,Amazon,1,lxr,niche,False,0.3718772232532501,,
AmazonBooksDense_u3000_i1500,Amazon,1,lxr,mainstream,True,0.7548179626464844,0.5,0.5
AmazonBooksDense_u3000_i1500,Amazon,1,lxr,niche,True,0.8224482536315918,0.2708333333333332,0.2708333333333333
AmazonBooksDense_u3000_i1500,Amazon,1,lxr,niche,False,0.4732334017753601,,
AmazonBooksDense_u3000_i1500,Amazon,1,lxr,mainstream,True,0.7548179626464844,0.3,0.3
AmazonBooksDense_u3000_i1500,Amazon,1,loo,mainstream,True,0.6313347816467285,-0.0999999999999999,0.1
AmazonBooksDense_u3000_i1500,Amazon,1,loo,mainstream,True,0.778372585773468,0.0892857142857143,0.1517857142857143
AmazonBooksDense_u3000_i1500,Amazon,1,loo,niche,True,0.4732334017753601,0.3888888888888888,0.3888888888888888
AmazonBooksDense_u3000_i1500,Amazon,1,loo,mainstream,True,0.6279443502426147,0.25,0.25
AmazonBooksDense_u3000_i1500,Amazon,1,loo,mainstream,True,0.8743754625320435,0.2872340425531915,0.2872340475202452
AmazonBooksDense_u3000_i1500,Amazon,1,loo,mainstream,True,0.868486762046814,0.1999999999999999,0.1999999999999999
AmazonBooksDense_u3000_i1500,Amazon,1,loo,niche,True,0.4225553274154663,0.3333333333333333,0.3333333333333333
AmazonBooksDense_u3000_i1500,Amazon,1,loo,mainstream,True,0.8586723804473877,0.25,0.25
AmazonBooksDense_u3000_i1500,Amazon,1,loo,mainstream,False,0.8429692983627319,,
AmazonBooksDense_u3000_i1500,Amazon,1,loo,mainstream,True,0.8429692983627319,0.2647058823529411,0.2647058823529411
AmazonBooksDense_u3000_i1500,Amazon,1,loo,mainstream,True,0.9457530379295348,0.4,0.4
AmazonBooksDense_u3000_i1500,Amazon,1,loo,mainstream,True,0.9607423543930054,0.2666666666666666,0.2666666666666666
AmazonBooksDense_u3000_i1500,Amazon,1,loo,niche,True,0.4664525389671325,0.3333333333333333,0.3333333333333333
AmazonBooksDense_u3000_i1500,Amazon,1,loo,niche,True,0.2519628703594208,0.3461538461538461,0.3461538461538461
AmazonBooksDense_u3000_i1500,Amazon,1,loo,niche,True,0.5522841215133667,0.5,0.5
AmazonBooksDense_u3000_i1500,Amazon,1,loo,mainstream,True,0.7548179626464844,-0.2272727272727273,0.2272727272727273
AmazonBooksDense_u3000_i1500,Amazon,1,loo,niche,True,0.3718772232532501,0.5,0.5
AmazonBooksDense_u3000_i1500,Amazon,1,loo,niche,True,0.2519628703594208,0.3399999999999999,0.3399999999999999
AmazonBooksDense_u3000_i1500,Amazon,1,loo,niche,True,0.3718772232532501,0.5,0.5
AmazonBooksDense_u3000_i1500,Amazon,1,loo,mainstream,True,0.8841898441314697,0.0714285714285714,0.0714285714285714
AmazonBooksDense_u3000_i1500,Amazon,1,loo,niche,True,0.6313347816467285,0.2370129870129871,0.237012987012987
AmazonBooksDense_u3000_i1500,Amazon,1,loo,mainstream,True,0.981441855430603,-0.0555555555555555,0.0777777694993548
AmazonBooksDense_u3000_i1500,Amazon,1,loo,niche,True,0.4064953327178955,0.1666666666666666,0.1666666666666666
AmazonBooksDense_u3000_i1500,Amazon,1,loo,niche,False,0.3718772232532501,,
AmazonBooksDense_u3000_i1500,Amazon,1,loo,mainstream,True,0.6948608160018921,0.4411764705882353,0.4411764705882353
AmazonBooksDense_u3000_i1500,Amazon,1,loo,mainstream,True,0.5610278248786926,0.2333333333333332,0.2333333378036816
AmazonBooksDense_u3000_i1500,Amazon,1,loo,mainstream,True,0.8940042853355408,0.3888888888888888,0.3888888888888888
AmazonBooksDense_u3000_i1500,Amazon,1,loo,niche,True,0.3718772232532501,0.3181818181818182,0.3181818181818182
AmazonBooksDense_u3000_i1500,Amazon,1,loo,mainstream,True,0.5961812734603882,-0.3,0.3
AmazonBooksDense_u3000_i1500,Amazon,1,loo,niche,True,0.3718772232532501,0.4473684210526315,0.4473684210526315
AmazonBooksDense_u3000_i1500,Amazon,1,loo,niche,True,0.2519628703594208,0.1666666666666666,0.1888888806104659
AmazonBooksDense_u3000_i1500,Amazon,1,loo,mainstream,True,0.9457530379295348,-0.0803571428571428,0.0982142857142857
AmazonBooksDense_u3000_i1500,Amazon,1,loo,niche,True,0.4732334017753601,0.4523809523809523,0.4523809523809523
AmazonBooksDense_u3000_i1500,Amazon,1,loo,mainstream,True,0.8743754625320435,0.3142857142857143,0.3142857142857143
AmazonBooksDense_u3000_i1500,Amazon,1,loo,mainstream,True,0.6948608160018921,0.25,0.25
AmazonBooksDense_u3000_i1500,Amazon,1,loo,mainstream,True,0.8429692983627319,0.3333333333333333,0.3333333333333333
AmazonBooksDense_u3000_i1500,Amazon,1,loo,niche,True,0.2519628703594208,-0.0454545454545454,0.0454545454545454
AmazonBooksDense_u3000_i1500,Amazon,1,loo,mainstream,True,0.9286224246025084,0.0454545454545454,0.0454545454545454
AmazonBooksDense_u3000_i1500,Amazon,1,loo,niche,True,0.5610278248786926,0.375,0.375
AmazonBooksDense_u3000_i1500,Amazon,1,loo,niche,False,0.5610278248786926,,
AmazonBooksDense_u3000_i1500,Amazon,1,loo,niche,True,0.5610278248786926,-0.1296296296296296,0.1296296296296296
AmazonBooksDense_u3000_i1500,Amazon,1,loo,niche,True,0.4732334017753601,0.3333333333333333,0.3333333333333333
AmazonBooksDense_u3000_i1500,Amazon,1,loo,mainstream,True,0.8429692983627319,0.0333333333333333,0.05
AmazonBooksDense_u3000_i1500,Amazon,1,loo,mainstream,True,0.8743754625320435,0.35,0.35
AmazonBooksDense_u3000_i1500,Amazon,1,loo,mainstream,True,0.890613853931427,0.2142857142857143,0.2142857142857143
AmazonBooksDense_u3000_i1500,Amazon,1,loo,niche,True,0.3718772232532501,0.1944444444444444,0.1944444444444444
AmazonBooksDense_u3000_i1500,Amazon,1,loo,niche,True,0.1156316921114921,0.4499999999999999,0.45
AmazonBooksDense_u3000_i1500,Amazon,1,loo,niche,True,0.4732334017753601,0.2714285714285713,0.2714285714285714
AmazonBooksDense_u3000_i1500,Amazon,1,loo,mainstream,True,0.6948608160018921,0.3666666666666667,0.3666666716337204
AmazonBooksDense_u3000_i1500,Amazon,1,loo,mainstream,True,0.778372585773468,0.0,0.0
AmazonBooksDense_u3000_i1500,Amazon,1,loo,niche,True,0.1156316921114921,0.3571428571428572,0.3571428571428571
AmazonBooksDense_u3000_i1500,Amazon,1,loo,mainstream,True,0.6630977988243103,0.375,0.375
AmazonBooksDense_u3000_i1500,Amazon,1,loo,mainstream,True,0.752855122089386,0.125,0.125
AmazonBooksDense_u3000_i1500,Amazon,1,loo,mainstream,True,0.8743754625320435,0.3857142857142857,0.3857142857142857
AmazonBooksDense_u3000_i1500,Amazon,1,loo,mainstream,True,0.6948608160018921,0.2222222222222223,0.2222222222222222
AmazonBooksDense_u3000_i1500,Amazon,1,loo,niche,True,0.4732334017753601,0.4,0.4
AmazonBooksDense_u3000_i1500,Amazon,1,loo,niche,True,0.1156316921114921,0.4,0.4
AmazonBooksDense_u3000_i1500,Amazon,1,loo,niche,True,0.4732334017753601,0.0999999999999999,0.0999999999999999
AmazonBooksDense_u3000_i1500,Amazon,1,loo,niche,False,0.2519628703594208,,
AmazonBooksDense_u3000_i1500,Amazon,1,loo,niche,True,0.1837972849607467,0.2777777777777778,0.2777777827448315
AmazonBooksDense_u3000_i1500,Amazon,1,loo,mainstream,True,0.9532476663589478,0.125,0.1250000049670537
AmazonBooksDense_u3000_i1500,Amazon,1,loo,niche,True,0.5610278248786926,0.1190476190476189,0.1190476240146727
AmazonBooksDense_u3000_i1500,Amazon,1,loo,niche,True,0.1156316921114921,0.25,0.25
AmazonBooksDense_u3000_i1500,Amazon,1,loo,mainstream,True,0.6948608160018921,0.5,0.5
AmazonBooksDense_u3000_i1500,Amazon,1,loo,niche,True,0.2437544614076614,0.0,0.0
AmazonBooksDense_u3000_i1500,Amazon,1,loo,niche,False,0.3718772232532501,,
AmazonBooksDense_u3000_i1500,Amazon,1,loo,niche,True,0.1837972849607467,0.3181818181818182,0.3181818181818182
AmazonBooksDense_u3000_i1500,Amazon,1,loo,niche,True,0.2519628703594208,0.2058823529411765,0.2124182923751719
AmazonBooksDense_u3000_i1500,Amazon,1,loo,mainstream,True,0.8019272089004517,-0.131578947368421,0.131578947368421
AmazonBooksDense_u3000_i1500,Amazon,1,loo,niche,True,0.3718772232532501,0.2666666666666666,0.2666666666666666
AmazonBooksDense_u3000_i1500,Amazon,1,loo,mainstream,True,0.7548179626464844,0.5,0.5
AmazonBooksDense_u3000_i1500,Amazon,1,loo,niche,True,0.8224482536315918,0.125,0.1666666666666666
AmazonBooksDense_u3000_i1500,Amazon,1,loo,niche,True,0.4732334017753601,0.5,0.5
AmazonBooksDense_u3000_i1500,Amazon,1,loo,mainstream,True,0.7548179626464844,0.4,0.4
AmazonBooksDense_u3000_i1500,Amazon,2,lxr,mainstream,True,0.5610278248786926,0.3,0.3
AmazonBooksDense_u3000_i1500,Amazon,2,lxr,niche,True,0.5610278248786926,0.2142857142857143,0.2142857142857142
AmazonBooksDense_u3000_i1500,Amazon,2,lxr,niche,True,0.4732334017753601,0.1666666666666666,0.166666671137015
AmazonBooksDense_u3000_i1500,Amazon,2,lxr,mainstream,False,0.752855122089386,,
AmazonBooksDense_u3000_i1500,Amazon,2,lxr,niche,False,0.1837972849607467,,
AmazonBooksDense_u3000_i1500,Amazon,2,lxr,mainstream,True,0.8429692983627319,0.0294117647058823,0.1286764705882352
AmazonBooksDense_u3000_i1500,Amazon,2,lxr,niche,False,0.5610278248786926,,
AmazonBooksDense_u3000_i1500,Amazon,2,lxr,niche,False,0.4732334017753601,,
AmazonBooksDense_u3000_i1500,Amazon,2,lxr,mainstream,False,0.9457530379295348,,
AmazonBooksDense_u3000_i1500,Amazon,2,lxr,niche,False,0.3718772232532501,,
AmazonBooksDense_u3000_i1500,Amazon,2,lxr,mainstream,True,0.6313347816467285,0.1999999999999999,0.2
AmazonBooksDense_u3000_i1500,Amazon,2,lxr,niche,True,0.5522841215133667,0.1666666666666666,0.1666666666666666
AmazonBooksDense_u3000_i1500,Amazon,2,lxr,niche,True,0.2519628703594208,0.0999999999999999,0.15
AmazonBooksDense_u3000_i1500,Amazon,2,lxr,mainstream,False,0.8743754625320435,,
AmazonBooksDense_u3000_i1500,Amazon,2,lxr,niche,False,0.8224482536315918,,
AmazonBooksDense_u3000_i1500,Amazon,2,lxr,mainstream,False,0.6948608160018921,,
AmazonBooksDense_u3000_i1500,Amazon,2,lxr,mainstream,True,0.8429692983627319,0.1666666666666666,0.25
AmazonBooksDense_u3000_i1500,Amazon,2,lxr,niche,False,0.2519628703594208,,
AmazonBooksDense_u3000_i1500,Amazon,2,lxr,mainstream,True,0.890613853931427,0.2428571428571428,0.2428571473274912
AmazonBooksDense_u3000_i1500,Amazon,2,lxr,niche,False,0.2519628703594208,,
AmazonBooksDense_u3000_i1500,Amazon,2,lxr,mainstream,True,0.6948608160018921,0.3518518518518517,0.3518518568189055
AmazonBooksDense_u3000_i1500,Amazon,2,lxr,mainstream,False,0.8743754625320435,,
AmazonBooksDense_u3000_i1500,Amazon,2,lxr,niche,False,0.3718772232532501,,
AmazonBooksDense_u3000_i1500,Amazon,2,lxr,mainstream,False,0.8743754625320435,,
AmazonBooksDense_u3000_i1500,Amazon,2,lxr,niche,True,0.1156316921114921,0.25,0.25
AmazonBooksDense_u3000_i1500,Amazon,2,lxr,mainstream,True,0.778372585773468,0.21875,0.21875
AmazonBooksDense_u3000_i1500,Amazon,2,lxr,niche,True,0.2519628703594208,0.02,0.15
AmazonBooksDense_u3000_i1500,Amazon,2,lxr,niche,True,0.1837972849607467,0.0833333333333333,0.138888880610466
AmazonBooksDense_u3000_i1500,Amazon,2,lxr,niche,True,0.5610278248786926,0.25,0.25
AmazonBooksDense_u3000_i1500,Amazon,2,lxr,niche,True,0.3718772232532501,0.0999999999999999,0.1000000044703483
AmazonBooksDense_u3000_i1500,Amazon,2,lxr,mainstream,False,0.9286224246025084,,
AmazonBooksDense_u3000_i1500,Amazon,2,lxr,niche,False,0.6313347816467285,,
AmazonBooksDense_u3000_i1500,Amazon,2,lxr,mainstream,False,0.8940042853355408,,
AmazonBooksDense_u3000_i1500,Amazon,2,lxr,mainstream,False,0.6279443502426147,,
AmazonBooksDense_u3000_i1500,Amazon,2,lxr,niche,False,0.1156316921114921,,
AmazonBooksDense_u3000_i1500,Amazon,2,lxr,niche,False,0.4732334017753601,,
AmazonBooksDense_u3000_i1500,Amazon,2,lxr,mainstream,True,0.7548179626464844,0.2333333333333334,0.233333338300387
AmazonBooksDense_u3000_i1500,Amazon,2,lxr,mainstream,True,0.8429692983627319,-0.0166666666666666,0.0833333333333333
AmazonBooksDense_u3000_i1500,Amazon,2,lxr,mainstream,True,0.8586723804473877,0.26,0.2600000044703484
AmazonBooksDense_u3000_i1500,Amazon,2,lxr,niche,False,0.3718772232532501,,
AmazonBooksDense_u3000_i1500,Amazon,2,lxr,mainstream,False,0.6948608160018921,,
AmazonBooksDense_u3000_i1500,Amazon,2,lxr,mainstream,False,0.868486762046814,,
AmazonBooksDense_u3000_i1500,Amazon,2,lxr,niche,True,0.4732334017753601,0.5,0.5
AmazonBooksDense_u3000_i1500,Amazon,2,lxr,niche,True,0.2437544614076614,0.25,0.25
AmazonBooksDense_u3000_i1500,Amazon,2,lxr,niche,False,0.4664525389671325,,
AmazonBooksDense_u3000_i1500,Amazon,2,lxr,mainstream,True,0.7548179626464844,0.0999999999999999,0.1222222139437993
AmazonBooksDense_u3000_i1500,Amazon,2,lxr,niche,True,0.2519628703594208,0.2692307692307691,0.2692307692307692
AmazonBooksDense_u3000_i1500,Amazon,2,lxr,niche,False,0.3718772232532501,,
AmazonBooksDense_u3000_i1500,Amazon,2,lxr,niche,False,0.5610278248786926,,
AmazonBooksDense_u3000_i1500,Amazon,2,lxr,niche,True,0.4732334017753601,0.1222222222222222,0.1444444527228673
AmazonBooksDense_u3000_i1500,Amazon,2,lxr,niche,False,0.4732334017753601,,
AmazonBooksDense_u3000_i1500,Amazon,2,lxr,niche,True,0.4225553274154663,0.125,0.1458333333333333
AmazonBooksDense_u3000_i1500,Amazon,2,lxr,niche,False,0.3718772232532501,,
AmazonBooksDense_u3000_i1500,Amazon,2,lxr,niche,True,0.1156316921114921,0.2666666666666666,0.2666666716337204
AmazonBooksDense_u3000_i1500,Amazon,2,lxr,niche,True,0.4064953327178955,0.1999999999999999,0.2000000044703483
AmazonBooksDense_u3000_i1500,Amazon,2,lxr,mainstream,False,0.8429692983627319,,
AmazonBooksDense_u3000_i1500,Amazon,2,lxr,mainstream,False,0.8841898441314697,,
AmazonBooksDense_u3000_i1500,Amazon,2,lxr,mainstream,False,0.9457530379295348,,
AmazonBooksDense_u3000_i1500,Amazon,2,lxr,niche,True,0.3718772232532501,0.0454545454545454,0.1767676684892538
AmazonBooksDense_u3000_i1500,Amazon,2,lxr,niche,True,0.1156316921114921,0.2,0.2444444361660215
AmazonBooksDense_u3000_i1500,Amazon,2,lxr,mainstream,True,0.5961812734603882,0.2249999999999999,0.225
AmazonBooksDense_u3000_i1500,Amazon,2,lxr,niche,False,0.2519628703594208,,
AmazonBooksDense_u3000_i1500,Amazon,2,lxr,mainstream,False,0.7548179626464844,,
AmazonBooksDense_u3000_i1500,Amazon,2,lxr,mainstream,False,0.981441855430603,,
AmazonBooksDense_u3000_i1500,Amazon,2,lxr,niche,False,0.4732334017753601,,
AmazonBooksDense_u3000_i1500,Amazon,2,lxr,mainstream,True,0.6630977988243103,0.25,0.25
AmazonBooksDense_u3000_i1500,Amazon,2,lxr,mainstream,True,0.8743754625320435,0.4428571428571428,0.4428571428571428
AmazonBooksDense_u3000_i1500,Amazon,2,lxr,niche,False,0.3718772232532501,,
AmazonBooksDense_u3000_i1500,Amazon,2,lxr,mainstream,False,0.9532476663589478,,
AmazonBooksDense_u3000_i1500,Amazon,2,lxr,mainstream,False,0.8019272089004517,,
AmazonBooksDense_u3000_i1500,Amazon,2,lxr,mainstream,False,0.778372585773468,,
AmazonBooksDense_u3000_i1500,Amazon,2,lxr,mainstream,False,0.9607423543930054,,
AmazonBooksDense_u3000_i1500,Amazon,2,lxr,mainstream,False,0.6948608160018921,,
AmazonBooksDense_u3000_i1500,Amazon,2,lxr,mainstream,True,0.6948608160018921,0.1944444444444444,0.1944444444444444
AmazonBooksDense_u3000_i1500,Amazon,2,loo,mainstream,True,0.5610278248786926,0.2866666666666666,0.286666671137015
AmazonBooksDense_u3000_i1500,Amazon,2,loo,niche,False,0.5610278248786926,,
AmazonBooksDense_u3000_i1500,Amazon,2,loo,niche,True,0.4732334017753601,0.3888888888888888,0.3888888888888888
AmazonBooksDense_u3000_i1500,Amazon,2,loo,mainstream,False,0.752855122089386,,
AmazonBooksDense_u3000_i1500,Amazon,2,loo,niche,True,0.1837972849607467,0.3545454545454547,0.3545454590158029
AmazonBooksDense_u3000_i1500,Amazon,2,loo,mainstream,False,0.8429692983627319,,
AmazonBooksDense_u3000_i1500,Amazon,2,loo,niche,False,0.5610278248786926,,
AmazonBooksDense_u3000_i1500,Amazon,2,loo,niche,False,0.4732334017753601,,
AmazonBooksDense_u3000_i1500,Amazon,2,loo,mainstream,False,0.9457530379295348,,
AmazonBooksDense_u3000_i1500,Amazon,2,loo,niche,True,0.3718772232532501,0.5,0.5
AmazonBooksDense_u3000_i1500,Amazon,2,loo,mainstream,True,0.6313347816467285,0.0999999999999999,0.0999999999999999
AmazonBooksDense_u3000_i1500,Amazon,2,loo,niche,True,0.5522841215133667,0.5,0.5
AmazonBooksDense_u3000_i1500,Amazon,2,loo,niche,True,0.2519628703594208,0.4,0.4
AmazonBooksDense_u3000_i1500,Amazon,2,loo,mainstream,False,0.8743754625320435,,
AmazonBooksDense_u3000_i1500,Amazon,2,loo,niche,False,0.8224482536315918,,
AmazonBooksDense_u3000_i1500,Amazon,2,loo,mainstream,False,0.6948608160018921,,
AmazonBooksDense_u3000_i1500,Amazon,2,loo,mainstream,True,0.8429692983627319,0.2777777777777777,0.2777777827448315
AmazonBooksDense_u3000_i1500,Amazon,2,loo,niche,True,0.2519628703594208,0.1727272727272727,0.1727272771976211
AmazonBooksDense_u3000_i1500,Amazon,2,loo,mainstream,False,0.890613853931427,,
AmazonBooksDense_u3000_i1500,Amazon,2,loo,niche,False,0.2519628703594208,,
AmazonBooksDense_u3000_i1500,Amazon,2,loo,mainstream,True,0.6948608160018921,0.2222222222222222,0.2222222222222222
AmazonBooksDense_u3000_i1500,Amazon,2,loo,mainstream,False,0.8743754625320435,,
AmazonBooksDense_u3000_i1500,Amazon,2,loo,niche,False,0.3718772232532501,,
AmazonBooksDense_u3000_i1500,Amazon,2,loo,mainstream,False,0.8743754625320435,,
AmazonBooksDense_u3000_i1500,Amazon,2,loo,niche,True,0.1156316921114921,0.375,0.3750000049670537
AmazonBooksDense_u3000_i1500,Amazon,2,loo,mainstream,True,0.778372585773468,0.2916666666666666,0.2916666716337204
AmazonBooksDense_u3000_i1500,Amazon,2,loo,niche,False,0.2519628703594208,,
AmazonBooksDense_u3000_i1500,Amazon,2,loo,niche,True,0.1837972849607467,0.4166666666666667,0.4166666666666667
AmazonBooksDense_u3000_i1500,Amazon,2,loo,niche,True,0.5610278248786926,0.5,0.5
AmazonBooksDense_u3000_i1500,Amazon,2,loo,niche,True,0.3718772232532501,0.5,0.5
AmazonBooksDense_u3000_i1500,Amazon,2,loo,mainstream,True,0.9286224246025084,0.1727272727272726,0.1727272771976211
AmazonBooksDense_u3000_i1500,Amazon,2,loo,niche,False,0.6313347816467285,,
AmazonBooksDense_u3000_i1500,Amazon,2,loo,mainstream,True,0.8940042853355408,0.2277777777777777,0.2277777777777777
AmazonBooksDense_u3000_i1500,Amazon,2,loo,mainstream,False,0.6279443502426147,,
AmazonBooksDense_u3000_i1500,Amazon,2,loo,niche,True,0.1156316921114921,0.3035714285714286,0.3035714285714285
AmazonBooksDense_u3000_i1500,Amazon,2,loo,niche,False,0.4732334017753601,,
AmazonBooksDense_u3000_i1500,Amazon,2,loo,mainstream,True,0.7548179626464844,0.2333333333333334,0.233333338300387
AmazonBooksDense_u3000_i1500,Amazon,2,loo,mainstream,True,0.8429692983627319,0.4333333333333333,0.4333333333333333
AmazonBooksDense_u3000_i1500,Amazon,2,loo,mainstream,False,0.8586723804473877,,
AmazonBooksDense_u3000_i1500,Amazon,2,loo,niche,True,0.3718772232532501,0.5,0.5
AmazonBooksDense_u3000_i1500,Amazon,2,loo,mainstream,True,0.6948608160018921,0.3125,0.3125
AmazonBooksDense_u3000_i1500,Amazon,2,loo,mainstream,False,0.868486762046814,,
AmazonBooksDense_u3000_i1500,Amazon,2,loo,niche,True,0.4732334017753601,0.5,0.5
AmazonBooksDense_u3000_i1500,Amazon,2,loo,niche,True,0.2437544614076614,0.4166666666666667,0.4166666666666667
AmazonBooksDense_u3000_i1500,Amazon,2,loo,niche,True,0.4664525389671325,0.1666666666666666,0.1666666716337204
AmazonBooksDense_u3000_i1500,Amazon,2,loo,mainstream,True,0.7548179626464844,0.0333333333333333,0.1000000049670537
AmazonBooksDense_u3000_i1500,Amazon,2,loo,niche,True,0.2519628703594208,0.3461538461538461,0.3461538461538461
AmazonBooksDense_u3000_i1500,Amazon,2,loo,niche,False,0.3718772232532501,,
AmazonBooksDense_u3000_i1500,Amazon,2,loo,niche,False,0.5610278248786926,,
AmazonBooksDense_u3000_i1500,Amazon,2,loo,niche,True,0.4732334017753601,0.3333333333333332,0.3333333333333333
AmazonBooksDense_u3000_i1500,Amazon,2,loo,niche,False,0.4732334017753601,,
AmazonBooksDense_u3000_i1500,Amazon,2,loo,niche,True,0.4225553274154663,0.3333333333333333,0.3333333383003871
AmazonBooksDense_u3000_i1500,Amazon,2,loo,niche,False,0.3718772232532501,,
AmazonBooksDense_u3000_i1500,Amazon,2,loo,niche,True,0.1156316921114921,0.2199999999999999,0.2200000050663947
AmazonBooksDense_u3000_i1500,Amazon,2,loo,niche,True,0.4064953327178955,0.4166666666666667,0.4166666666666667
AmazonBooksDense_u3000_i1500,Amazon,2,loo,mainstream,True,0.8429692983627319,-0.0461538461538461,0.1346153846153846
AmazonBooksDense_u3000_i1500,Amazon,2,loo,mainstream,False,0.8841898441314697,,
AmazonBooksDense_u3000_i1500,Amazon,2,loo,mainstream,False,0.9457530379295348,,
AmazonBooksDense_u3000_i1500,Amazon,2,loo,niche,True,0.3718772232532501,0.2272727272727273,0.2272727317430756
AmazonBooksDense_u3000_i1500,Amazon,2,loo,niche,False,0.1156316921114921,,
AmazonBooksDense_u3000_i1500,Amazon,2,loo,mainstream,False,0.5961812734603882,,
AmazonBooksDense_u3000_i1500,Amazon,2,loo,niche,False,0.2519628703594208,,
AmazonBooksDense_u3000_i1500,Amazon,2,loo,mainstream,True,0.7548179626464844,0.0909090909090908,0.1420454545454545
AmazonBooksDense_u3000_i1500,Amazon,2,loo,mainstream,True,0.981441855430603,0.0333333333333333,0.1000000049670537
AmazonBooksDense_u3000_i1500,Amazon,2,loo,niche,True,0.4732334017753601,0.4199999999999999,0.4200000044703483
AmazonBooksDense_u3000_i1500,Amazon,2,loo,mainstream,True,0.6630977988243103,0.1875,0.1875
AmazonBooksDense_u3000_i1500,Amazon,2,loo,mainstream,False,0.8743754625320435,,
AmazonBooksDense_u3000_i1500,Amazon,2,loo,niche,False,0.3718772232532501,,
AmazonBooksDense_u3000_i1500,Amazon,2,loo,mainstream,False,0.9532476663589478,,
AmazonBooksDense_u3000_i1500,Amazon,2,loo,mainstream,False,0.8019272089004517,,
AmazonBooksDense_u3000_i1500,Amazon,2,loo,mainstream,True,0.778372585773468,0.3809523809523809,0.3809523859194346
AmazonBooksDense_u3000_i1500,Amazon,2,loo,mainstream,False,0.9607423543930054,,
AmazonBooksDense_u3000_i1500,Amazon,2,loo,mainstream,True,0.6948608160018921,0.0166666666666666,0.05
AmazonBooksDense_u3000_i1500,Amazon,2,loo,mainstream,True,0.6948608160018921,0.5,0.5
YelpDense_u2000_i1000,Yelp,0,lxr,niche,True,0.3179999887943268,0.3181818181818182,0.3181818181818182
YelpDense_u2000_i1000,Yelp,0,lxr,niche,False,0.3809999823570251,,
YelpDense_u2000_i1000,Yelp,0,lxr,mainstream,False,0.7789999842643738,,
YelpDense_u2000_i1000,Yelp,0,lxr,mainstream,False,0.6820000410079956,,
YelpDense_u2000_i1000,Yelp,0,lxr,mainstream,True,0.5180000066757202,0.3888888888888888,0.3888888938559425
YelpDense_u2000_i1000,Yelp,0,lxr,niche,False,0.5772500038146973,,
YelpDense_u2000_i1000,Yelp,0,lxr,niche,False,0.0877500027418136,,
YelpDense_u2000_i1000,Yelp,0,lxr,niche,True,0.460999995470047,0.0625,0.0972222139437993
YelpDense_u2000_i1000,Yelp,0,lxr,mainstream,False,0.4440000057220459,,
YelpDense_u2000_i1000,Yelp,0,lxr,niche,False,0.0949999988079071,,
YelpDense_u2000_i1000,Yelp,0,lxr,mainstream,False,0.7789999842643738,,
YelpDense_u2000_i1000,Yelp,0,lxr,niche,False,0.0227500014007091,,
YelpDense_u2000_i1000,Yelp,0,lxr,niche,False,0.7250000238418579,,
YelpDense_u2000_i1000,Yelp,0,lxr,mainstream,False,0.7960000038146973,,
YelpDense_u2000_i1000,Yelp,0,lxr,niche,False,0.5525000095367432,,
YelpDense_u2000_i1000,Yelp,0,lxr,niche,True,0.0949999988079071,-0.2142857142857143,0.2142857142857143
YelpDense_u2000_i1000,Yelp,0,lxr,mainstream,False,0.753250002861023,,
YelpDense_u2000_i1000,Yelp,0,lxr,mainstream,False,0.5180000066757202,,
YelpDense_u2000_i1000,Yelp,0,lxr,niche,False,0.4779999852180481,,
YelpDense_u2000_i1000,Yelp,0,lxr,mainstream,False,0.8274999856948853,,
YelpDense_u2000_i1000,Yelp,0,lxr,niche,False,0.2464999854564666,,
YelpDense_u2000_i1000,Yelp,0,lxr,mainstream,False,0.8970000147819519,,
YelpDense_u2000_i1000,Yelp,0,lxr,mainstream,False,0.7682499885559082,,
YelpDense_u2000_i1000,Yelp,0,lxr,mainstream,False,0.8320000171661377,,
YelpDense_u2000_i1000,Yelp,0,lxr,mainstream,False,0.5180000066757202,,
YelpDense_u2000_i1000,Yelp,0,lxr,mainstream,False,0.4909999966621399,,
YelpDense_u2000_i1000,Yelp,0,lxr,mainstream,False,0.6019999980926514,,
YelpDense_u2000_i1000,Yelp,0,lxr,mainstream,True,0.5475000143051147,0.0833333333333333,0.0833333333333333
YelpDense_u2000_i1000,Yelp,0,lxr,mainstream,True,0.624500036239624,0.1333333333333333,0.1333333378036816
YelpDense_u2000_i1000,Yelp,0,lxr,niche,False,0.4979999959468841,,
YelpDense_u2000_i1000,Yelp,0,lxr,mainstream,False,0.8895000219345093,,
YelpDense_u2000_i1000,Yelp,0,lxr,niche,False,0.5770000219345093,,
YelpDense_u2000_i1000,Yelp,0,lxr,niche,False,0.2739999890327453,,
YelpDense_u2000_i1000,Yelp,0,lxr,mainstream,True,0.5927500128746033,0.3333333333333332,0.3333333333333333
YelpDense_u2000_i1000,Yelp,0,lxr,niche,False,0.0144999995827674,,
YelpDense_u2000_i1000,Yelp,0,lxr,niche,False,0.4779999852180481,,
YelpDense_u2000_i1000,Yelp,0,lxr,mainstream,True,0.5772500038146973,0.3571428571428571,0.3571428571428571
YelpDense_u2000_i1000,Yelp,0,lxr,mainstream,False,0.9282499551773072,,
YelpDense_u2000_i1000,Yelp,0,lxr,mainstream,False,0.6675000190734863,,
YelpDense_u2000_i1000,Yelp,0,lxr,niche,False,0.5180000066757202,,
YelpDense_u2000_i1000,Yelp,0,lxr,niche,True,0.3585000038146972,0.3653846153846154,0.3653846153846153
YelpDense_u2000_i1000,Yelp,0,lxr,mainstream,False,0.7789999842643738,,
YelpDense_u2000_i1000,Yelp,0,lxr,mainstream,False,0.7789999842643738,,
YelpDense_u2000_i1000,Yelp,0,lxr,niche,False,0.4050000011920929,,
YelpDense_u2000_i1000,Yelp,0,lxr,niche,True,0.3817499876022339,0.0416666666666667,0.0625
YelpDense_u2000_i1000,Yelp,0,lxr,mainstream,False,0.7395000457763672,,
YelpDense_u2000_i1000,Yelp,0,lxr,niche,False,0.5770000219345093,,
YelpDense_u2000_i1000,Yelp,0,lxr,mainstream,False,0.8215000033378601,,
YelpDense_u2000_i1000,Yelp,0,lxr,niche,False,0.3179999887943268,,
YelpDense_u2000_i1000,Yelp,0,lxr,mainstream,True,0.6019999980926514,0.119047619047619,0.119047619047619
YelpDense_u2000_i1000,Yelp,0,lxr,niche,False,0.4050000011920929,,
YelpDense_u2000_i1000,Yelp,0,lxr,niche,False,0.3179999887943268,,
YelpDense_u2000_i1000,Yelp,0,lxr,niche,False,0.4779999852180481,,
YelpDense_u2000_i1000,Yelp,0,lxr,niche,False,0.2464999854564666,,
YelpDense_u2000_i1000,Yelp,0,lxr,niche,False,0.5180000066757202,,
YelpDense_u2000_i1000,Yelp,0,lxr,mainstream,False,0.8377500176429749,,
YelpDense_u2000_i1000,Yelp,0,lxr,mainstream,False,0.6514999866485596,,
YelpDense_u2000_i1000,Yelp,0,lxr,mainstream,False,0.6675000190734863,,
YelpDense_u2000_i1000,Yelp,0,lxr,mainstream,False,0.7620000243186951,,
YelpDense_u2000_i1000,Yelp,0,lxr,niche,False,0.4979999959468841,,
YelpDense_u2000_i1000,Yelp,0,lxr,mainstream,False,0.843500018119812,,
YelpDense_u2000_i1000,Yelp,0,lxr,mainstream,False,0.5180000066757202,,
YelpDense_u2000_i1000,Yelp,0,lxr,niche,True,0.0949999988079071,0.2428571428571428,0.2428571473274912
YelpDense_u2000_i1000,Yelp,0,lxr,mainstream,False,0.8544999957084656,,
YelpDense_u2000_i1000,Yelp,0,lxr,niche,False,0.6987500190734863,,
YelpDense_u2000_i1000,Yelp,0,lxr,niche,False,0.5600000023841858,,
YelpDense_u2000_i1000,Yelp,0,lxr,niche,False,0.1169999986886978,,
YelpDense_u2000_i1000,Yelp,0,lxr,mainstream,False,0.874500036239624,,
YelpDense_u2000_i1000,Yelp,0,lxr,mainstream,False,0.6187499761581421,,
YelpDense_u2000_i1000,Yelp,0,lxr,niche,True,0.5770000219345093,0.2777777777777778,0.2777777827448315
YelpDense_u2000_i1000,Yelp,0,lxr,niche,True,0.0555000007152557,0.2916666666666666,0.2916666716337204
YelpDense_u2000_i1000,Yelp,0,lxr,mainstream,False,0.6514999866485596,,
YelpDense_u2000_i1000,Yelp,0,lxr,niche,True,0.4779999852180481,0.0964912280701754,0.0964912330372291
YelpDense_u2000_i1000,Yelp,0,lxr,mainstream,False,0.8659999966621399,,
YelpDense_u2000_i1000,Yelp,0,lxr,niche,False,0.0109999999403953,,
YelpDense_u2000_i1000,Yelp,0,lxr,mainstream,False,0.6660000085830688,,
YelpDense_u2000_i1000,Yelp,0,lxr,niche,True,0.2739999890327453,0.2222222222222222,0.2222222222222222
YelpDense_u2000_i1000,Yelp,0,lxr,mainstream,True,0.4440000057220459,0.1999999999999999,0.2
YelpDense_u2000_i1000,Yelp,0,lxr,mainstream,True,0.5845000147819519,0.05,0.05
YelpDense_u2000_i1000,Yelp,0,lxr,niche,True,0.5895000100135803,0.037037037037037,0.0740740823524969
YelpDense_u2000_i1000,Yelp,0,lxr,niche,True,0.0144999995827674,0.3571428571428571,0.3571428571428571
YelpDense_u2000_i1000,Yelp,0,lxr,niche,True,0.5180000066757202,-0.0666666666666667,0.106666671137015
YelpDense_u2000_i1000,Yelp,0,lxr,mainstream,True,0.4440000057220459,0.0076923076923077,0.0661538464518693
YelpDense_u2000_i1000,Yelp,0,lxr,mainstream,False,0.6355000138282776,,
YelpDense_u2000_i1000,Yelp,0,lxr,niche,True,0.4440000057220459,0.1799999999999999,0.18
YelpDense_u2000_i1000,Yelp,0,lxr,mainstream,False,0.6355000138282776,,
YelpDense_u2000_i1000,Yelp,0,lxr,niche,False,0.7444999814033508,,
YelpDense_u2000_i1000,Yelp,0,lxr,niche,True,0.1724999994039535,-0.1666666666666666,0.1666666666666666
YelpDense_u2000_i1000,Yelp,0,lxr,mainstream,False,0.8215000033378601,,
YelpDense_u2000_i1000,Yelp,0,lxr,niche,False,0.6187499761581421,,
YelpDense_u2000_i1000,Yelp,0,lxr,mainstream,True,0.8755000233650208,0.175,0.175
YelpDense_u2000_i1000,Yelp,0,lxr,mainstream,False,0.5275000333786011,,
YelpDense_u2000_i1000,Yelp,0,lxr,niche,False,0.3585000038146972,,
YelpDense_u2000_i1000,Yelp,0,lxr,mainstream,False,0.877750039100647,,
YelpDense_u2000_i1000,Yelp,0,lxr,mainstream,False,0.8087500333786011,,
YelpDense_u2000_i1000,Yelp,0,lxr,niche,True,0.4440000057220459,0.4166666666666666,0.4166666666666666
YelpDense_u2000_i1000,Yelp,0,lxr,niche,False,0.6355000138282776,,
YelpDense_u2000_i1000,Yelp,0,lxr,niche,False,0.1059999987483024,,
YelpDense_u2000_i1000,Yelp,0,lxr,niche,False,0.4244999885559082,,
YelpDense_u2000_i1000,Yelp,0,lxr,niche,False,0.6675000190734863,,
YelpDense_u2000_i1000,Yelp,0,loo,niche,True,0.3179999887943268,0.2575757575757577,0.2575757625428113
YelpDense_u2000_i1000,Yelp,0,loo,niche,False,0.3809999823570251,,
YelpDense_u2000_i1000,Yelp,0,loo,mainstream,False,0.7789999842643738,,
YelpDense_u2000_i1000,Yelp,0,loo,mainstream,False,0.6820000410079956,,
YelpDense_u2000_i1000,Yelp,0,loo,mainstream,True,0.5180000066757202,-0.0555555555555555,0.1388888888888888
YelpDense_u2000_i1000,Yelp,0,loo,niche,False,0.5772500038146973,,
YelpDense_u2000_i1000,Yelp,0,loo,niche,True,0.0877500027418136,0.3571428571428571,0.3571428571428571
YelpDense_u2000_i1000,Yelp,0,loo,niche,False,0.460999995470047,,
YelpDense_u2000_i1000,Yelp,0,loo,mainstream,False,0.4440000057220459,,
YelpDense_u2000_i1000,Yelp,0,loo,niche,False,0.0949999988079071,,
YelpDense_u2000_i1000,Yelp,0,loo,mainstream,False,0.7789999842643738,,
YelpDense_u2000_i1000,Yelp,0,loo,niche,False,0.0227500014007091,,
YelpDense_u2000_i1000,Yelp,0,loo,niche,False,0.7250000238418579,,
YelpDense_u2000_i1000,Yelp,0,loo,mainstream,False,0.7960000038146973,,
YelpDense_u2000_i1000,Yelp,0,loo,niche,False,0.5525000095367432,,
YelpDense_u2000_i1000,Yelp,0,loo,niche,True,0.0949999988079071,0.3214285714285714,0.3214285714285714
YelpDense_u2000_i1000,Yelp,0,loo,mainstream,False,0.753250002861023,,
YelpDense_u2000_i1000,Yelp,0,loo,mainstream,False,0.5180000066757202,,
YelpDense_u2000_i1000,Yelp,0,loo,niche,False,0.4779999852180481,,
YelpDense_u2000_i1000,Yelp,0,loo,mainstream,False,0.8274999856948853,,
YelpDense_u2000_i1000,Yelp,0,loo,niche,False,0.2464999854564666,,
YelpDense_u2000_i1000,Yelp,0,loo,mainstream,False,0.8970000147819519,,
YelpDense_u2000_i1000,Yelp,0,loo,mainstream,False,0.7682499885559082,,
YelpDense_u2000_i1000,Yelp,0,loo,mainstream,False,0.8320000171661377,,
YelpDense_u2000_i1000,Yelp,0,loo,mainstream,False,0.5180000066757202,,
YelpDense_u2000_i1000,Yelp,0,loo,mainstream,False,0.4909999966621399,,
YelpDense_u2000_i1000,Yelp,0,loo,mainstream,False,0.6019999980926514,,
YelpDense_u2000_i1000,Yelp,0,loo,mainstream,True,0.5475000143051147,0.0,0.1666666666666666
YelpDense_u2000_i1000,Yelp,0,loo,mainstream,False,0.624500036239624,,
YelpDense_u2000_i1000,Yelp,0,loo,niche,False,0.4979999959468841,,
YelpDense_u2000_i1000,Yelp,0,loo,mainstream,False,0.8895000219345093,,
YelpDense_u2000_i1000,Yelp,0,loo,niche,False,0.5770000219345093,,
YelpDense_u2000_i1000,Yelp,0,loo,niche,False,0.2739999890327453,,
YelpDense_u2000_i1000,Yelp,0,loo,mainstream,True,0.5927500128746033,0.5,0.5
YelpDense_u2000_i1000,Yelp,0,loo,niche,True,0.0144999995827674,0.2692307692307691,0.269230774197823
YelpDense_u2000_i1000,Yelp,0,loo,niche,True,0.4779999852180481,0.2555555555555556,0.2555555600259039
YelpDense_u2000_i1000,Yelp,0,loo,mainstream,True,0.5772500038146973,0.2499999999999999,0.2499999999999999
YelpDense_u2000_i1000,Yelp,0,loo,mainstream,False,0.9282499551773072,,
YelpDense_u2000_i1000,Yelp,0,loo,mainstream,False,0.6675000190734863,,
YelpDense_u2000_i1000,Yelp,0,loo,niche,False,0.5180000066757202,,
YelpDense_u2000_i1000,Yelp,0,loo,niche,False,0.3585000038146972,,
YelpDense_u2000_i1000,Yelp,0,loo,mainstream,False,0.7789999842643738,,
YelpDense_u2000_i1000,Yelp,0,loo,mainstream,False,0.7789999842643738,,
YelpDense_u2000_i1000,Yelp,0,loo,niche,False,0.4050000011920929,,
YelpDense_u2000_i1000,Yelp,0,loo,niche,False,0.3817499876022339,,
YelpDense_u2000_i1000,Yelp,0,loo,mainstream,False,0.7395000457763672,,
YelpDense_u2000_i1000,Yelp,0,loo,niche,False,0.5770000219345093,,
YelpDense_u2000_i1000,Yelp,0,loo,mainstream,False,0.8215000033378601,,
YelpDense_u2000_i1000,Yelp,0,loo,niche,False,0.3179999887943268,,
YelpDense_u2000_i1000,Yelp,0,loo,mainstream,True,0.6019999980926514,0.0079365079365079,0.134920626642212
YelpDense_u2000_i1000,Yelp,0,loo,niche,False,0.4050000011920929,,
YelpDense_u2000_i1000,Yelp,0,loo,niche,False,0.3179999887943268,,
YelpDense_u2000_i1000,Yelp,0,loo,niche,False,0.4779999852180481,,
YelpDense_u2000_i1000,Yelp,0,loo,niche,False,0.2464999854564666,,
YelpDense_u2000_i1000,Yelp,0,loo,niche,False,0.5180000066757202,,
YelpDense_u2000_i1000,Yelp,0,loo,mainstream,False,0.8377500176429749,,
YelpDense_u2000_i1000,Yelp,0,loo,mainstream,False,0.6514999866485596,,
YelpDense_u2000_i1000,Yelp,0,loo,mainstream,False,0.6675000190734863,,
YelpDense_u2000_i1000,Yelp,0,loo,mainstream,True,0.7620000243186951,0.2725490196078431,0.2725490240781915
YelpDense_u2000_i1000,Yelp,0,loo,niche,False,0.4979999959468841,,
YelpDense_u2000_i1000,Yelp,0,loo,mainstream,False,0.843500018119812,,
YelpDense_u2000_i1000,Yelp,0,loo,mainstream,False,0.5180000066757202,,
YelpDense_u2000_i1000,Yelp,0,loo,niche,False,0.0949999988079071,,
YelpDense_u2000_i1000,Yelp,0,loo,mainstream,False,0.8544999957084656,,
YelpDense_u2000_i1000,Yelp,0,loo,niche,False,0.6987500190734863,,
YelpDense_u2000_i1000,Yelp,0,loo,niche,False,0.5600000023841858,,
YelpDense_u2000_i1000,Yelp,0,loo,niche,False,0.1169999986886978,,
YelpDense_u2000_i1000,Yelp,0,loo,mainstream,False,0.874500036239624,,
YelpDense_u2000_i1000,Yelp,0,loo,mainstream,True,0.6187499761581421,0.0555555555555555,0.0555555555555555
YelpDense_u2000_i1000,Yelp,0,loo,niche,True,0.5770000219345093,0.4848484848484848,0.4848484848484848
YelpDense_u2000_i1000,Yelp,0,loo,niche,True,0.0555000007152557,0.125,0.125
YelpDense_u2000_i1000,Yelp,0,loo,mainstream,False,0.6514999866485596,,
YelpDense_u2000_i1000,Yelp,0,loo,niche,False,0.4779999852180481,,
YelpDense_u2000_i1000,Yelp,0,loo,mainstream,True,0.8659999966621399,-0.3620689655172414,0.3620689655172414
YelpDense_u2000_i1000,Yelp,0,loo,niche,True,0.0109999999403953,0.3636363636363637,0.3636363636363636
YelpDense_u2000_i1000,Yelp,0,loo,mainstream,False,0.6660000085830688,,
YelpDense_u2000_i1000,Yelp,0,loo,niche,False,0.2739999890327453,,
YelpDense_u2000_i1000,Yelp,0,loo,mainstream,True,0.4440000057220459,0.3666666666666666,0.3666666716337204
YelpDense_u2000_i1000,Yelp,0,loo,mainstream,True,0.5845000147819519,-0.2,0.2
YelpDense_u2000_i1000,Yelp,0,loo,niche,True,0.5895000100135803,-0.0833333333333333,0.0833333283662796
YelpDense_u2000_i1000,Yelp,0,loo,niche,True,0.0144999995827674,0.1428571428571428,0.1428571428571428
YelpDense_u2000_i1000,Yelp,0,loo,niche,True,0.5180000066757202,0.3833333333333333,0.3833333333333333
YelpDense_u2000_i1000,Yelp,0,loo,mainstream,False,0.4440000057220459,,
YelpDense_u2000_i1000,Yelp,0,loo,mainstream,False,0.6355000138282776,,
YelpDense_u2000_i1000,Yelp,0,loo,niche,True,0.4440000057220459,0.18,0.18
YelpDense_u2000_i1000,Yelp,0,loo,mainstream,False,0.6355000138282776,,
YelpDense_u2000_i1000,Yelp,0,loo,niche,False,0.7444999814033508,,
YelpDense_u2000_i1000,Yelp,0,loo,niche,True,0.1724999994039535,0.0555555555555555,0.0555555555555555
YelpDense_u2000_i1000,Yelp,0,loo,mainstream,False,0.8215000033378601,,
YelpDense_u2000_i1000,Yelp,0,loo,niche,False,0.6187499761581421,,
YelpDense_u2000_i1000,Yelp,0,loo,mainstream,True,0.8755000233650208,-0.025,0.025
YelpDense_u2000_i1000,Yelp,0,loo,mainstream,False,0.5275000333786011,,
YelpDense_u2000_i1000,Yelp,0,loo,niche,False,0.3585000038146972,,
YelpDense_u2000_i1000,Yelp,0,loo,mainstream,False,0.877750039100647,,
YelpDense_u2000_i1000,Yelp,0,loo,mainstream,False,0.8087500333786011,,
YelpDense_u2000_i1000,Yelp,0,loo,niche,True,0.4440000057220459,0.0694444444444445,0.0972222305006451
YelpDense_u2000_i1000,Yelp,0,loo,niche,False,0.6355000138282776,,
YelpDense_u2000_i1000,Yelp,0,loo,niche,True,0.1059999987483024,0.1999999999999999,0.2000000044703483
YelpDense_u2000_i1000,Yelp,0,loo,niche,True,0.4244999885559082,0.4509803921568628,0.4509803971239165
YelpDense_u2000_i1000,Yelp,0,loo,niche,False,0.6675000190734863,,
YelpDense_u2000_i1000,Yelp,1,lxr,mainstream,False,0.6675000190734863,,
YelpDense_u2000_i1000,Yelp,1,lxr,niche,False,0.6965000033378601,,
YelpDense_u2000_i1000,Yelp,1,lxr,mainstream,False,0.753250002861023,,
YelpDense_u2000_i1000,Yelp,1,lxr,mainstream,False,0.3382499814033508,,
YelpDense_u2000_i1000,Yelp,1,lxr,niche,True,0.1059999987483024,-0.1666666666666666,0.1666666666666666
YelpDense_u2000_i1000,Yelp,1,lxr,mainstream,False,0.9282499551773072,,
YelpDense_u2000_i1000,Yelp,1,lxr,niche,True,0.3179999887943268,0.0454545454545454,0.0454545454545454
YelpDense_u2000_i1000,Yelp,1,lxr,niche,False,0.4779999852180481,,
YelpDense_u2000_i1000,Yelp,1,lxr,niche,False,0.6965000033378601,,
YelpDense_u2000_i1000,Yelp,1,lxr,mainstream,False,0.8224999904632568,,
YelpDense_u2000_i1000,Yelp,1,lxr,niche,False,0.4779999852180481,,
YelpDense_u2000_i1000,Yelp,1,lxr,mainstream,False,0.3585000038146972,,
YelpDense_u2000_i1000,Yelp,1,lxr,niche,False,0.5352500081062317,,
YelpDense_u2000_i1000,Yelp,1,lxr,mainstream,False,0.5180000066757202,,
YelpDense_u2000_i1000,Yelp,1,lxr,mainstream,False,0.7705000042915344,,
YelpDense_u2000_i1000,Yelp,1,lxr,niche,True,0.0617500022053718,0.0749999999999999,0.1049999997019767
YelpDense_u2000_i1000,Yelp,1,lxr,niche,True,0.1059999987483024,-0.0999999999999999,0.0999999999999999
YelpDense_u2000_i1000,Yelp,1,lxr,mainstream,False,0.7789999842643738,,
YelpDense_u2000_i1000,Yelp,1,lxr,mainstream,False,0.7789999842643738,,
YelpDense_u2000_i1000,Yelp,1,lxr,mainstream,False,0.7789999842643738,,
YelpDense_u2000_i1000,Yelp,1,lxr,mainstream,False,0.8320000171661377,,
YelpDense_u2000_i1000,Yelp,1,lxr,niche,True,0.4440000057220459,0.1266666666666667,0.126666671137015
YelpDense_u2000_i1000,Yelp,1,lxr,mainstream,False,0.7875000238418579,,
YelpDense_u2000_i1000,Yelp,1,lxr,mainstream,False,0.8544999957084656,,
YelpDense_u2000_i1000,Yelp,1,lxr,niche,False,0.4440000057220459,,
YelpDense_u2000_i1000,Yelp,1,lxr,mainstream,False,0.8544999957084656,,
YelpDense_u2000_i1000,Yelp,1,lxr,niche,False,0.0555000007152557,,
YelpDense_u2000_i1000,Yelp,1,lxr,mainstream,False,0.4440000057220459,,
YelpDense_u2000_i1000,Yelp,1,lxr,niche,False,0.3817499876022339,,
YelpDense_u2000_i1000,Yelp,1,lxr,mainstream,False,0.8037500381469727,,
YelpDense_u2000_i1000,Yelp,1,lxr,niche,True,0.1957499980926513,0.0999999999999999,0.0999999999999999
YelpDense_u2000_i1000,Yelp,1,lxr,mainstream,False,0.874500036239624,,
YelpDense_u2000_i1000,Yelp,1,lxr,niche,False,0.753250002861023,,
YelpDense_u2000_i1000,Yelp,1,lxr,niche,False,0.5770000219345093,,
YelpDense_u2000_i1000,Yelp,1,lxr,mainstream,True,0.6355000138282776,0.0999999999999999,0.1555555472771326
YelpDense_u2000_i1000,Yelp,1,lxr,mainstream,True,0.6019999980926514,-0.0454545454545454,0.0454545454545454
YelpDense_u2000_i1000,Yelp,1,lxr,niche,True,0.1169999986886978,-0.0999999999999999,0.1222222139437993
YelpDense_u2000_i1000,Yelp,1,lxr,niche,True,0.2960000038146972,0.0227272727272727,0.1363636363636363
YelpDense_u2000_i1000,Yelp,1,lxr,mainstream,False,0.5180000066757202,,
YelpDense_u2000_i1000,Yelp,1,lxr,niche,True,0.0109999999403953,-0.0454545454545454,0.075757570790522
YelpDense_u2000_i1000,Yelp,1,lxr,mainstream,False,0.8274999856948853,,
YelpDense_u2000_i1000,Yelp,1,lxr,mainstream,False,0.8970000147819519,,
YelpDense_u2000_i1000,Yelp,1,lxr,mainstream,False,0.8862500190734863,,
YelpDense_u2000_i1000,Yelp,1,lxr,niche,True,0.2464999854564666,0.0999999999999999,0.1222222139437993
YelpDense_u2000_i1000,Yelp,1,lxr,mainstream,False,0.843500018119812,,
YelpDense_u2000_i1000,Yelp,1,lxr,mainstream,False,0.5180000066757202,,
YelpDense_u2000_i1000,Yelp,1,lxr,niche,False,0.3179999887943268,,
YelpDense_u2000_i1000,Yelp,1,lxr,niche,True,0.6019999980926514,0.0714285714285715,0.134920626642212
YelpDense_u2000_i1000,Yelp,1,lxr,mainstream,True,0.6355000138282776,0.2119999999999999,0.2120000044703483
YelpDense_u2000_i1000,Yelp,1,lxr,niche,False,0.7250000238418579,,
YelpDense_u2000_i1000,Yelp,1,lxr,mainstream,False,0.4050000011920929,,
YelpDense_u2000_i1000,Yelp,1,lxr,niche,False,0.0949999988079071,,
YelpDense_u2000_i1000,Yelp,1,lxr,niche,False,0.7250000238418579,,
YelpDense_u2000_i1000,Yelp,1,lxr,niche,False,0.1169999986886978,,
YelpDense_u2000_i1000,Yelp,1,lxr,niche,False,0.5180000066757202,,
YelpDense_u2000_i1000,Yelp,1,lxr,niche,False,0.7620000243186951,,
YelpDense_u2000_i1000,Yelp,1,lxr,niche,False,0.0144999995827674,,
YelpDense_u2000_i1000,Yelp,1,lxr,niche,True,0.4779999852180481,0.2222222222222222,0.2222222271892759
YelpDense_u2000_i1000,Yelp,1,lxr,mainstream,False,0.7960000038146973,,
YelpDense_u2000_i1000,Yelp,1,lxr,mainstream,False,0.7395000457763672,,
YelpDense_u2000_i1000,Yelp,1,lxr,niche,True,0.5895000100135803,0.0,0.0
YelpDense_u2000_i1000,Yelp,1,lxr,niche,False,0.4244999885559082,,
YelpDense_u2000_i1000,Yelp,1,lxr,niche,False,0.5770000219345093,,
YelpDense_u2000_i1000,Yelp,1,lxr,niche,False,0.5180000066757202,,
YelpDense_u2000_i1000,Yelp,1,lxr,mainstream,False,0.877750039100647,,
YelpDense_u2000_i1000,Yelp,1,lxr,niche,False,0.6820000410079956,,
YelpDense_u2000_i1000,Yelp,1,lxr,niche,False,0.7444999814033508,,
YelpDense_u2000_i1000,Yelp,1,lxr,mainstream,False,0.8825000524520874,,
YelpDense_u2000_i1000,Yelp,1,lxr,niche,False,0.6019999980926514,,
YelpDense_u2000_i1000,Yelp,1,lxr,mainstream,False,0.843500018119812,,
YelpDense_u2000_i1000,Yelp,1,lxr,niche,False,0.2189999967813491,,
YelpDense_u2000_i1000,Yelp,1,lxr,mainstream,False,0.6660000085830688,,
YelpDense_u2000_i1000,Yelp,1,lxr,niche,True,0.5770000219345093,0.0625,0.0625
YelpDense_u2000_i1000,Yelp,1,lxr,mainstream,False,0.6675000190734863,,
YelpDense_u2000_i1000,Yelp,1,lxr,niche,False,0.4779999852180481,,
YelpDense_u2000_i1000,Yelp,1,lxr,mainstream,False,0.6187499761581421,,
YelpDense_u2000_i1000,Yelp,1,lxr,niche,True,0.1169999986886978,0.5,0.5
YelpDense_u2000_i1000,Yelp,1,lxr,niche,False,0.5525000095367432,,
YelpDense_u2000_i1000,Yelp,1,lxr,mainstream,False,0.8320000171661377,,
YelpDense_u2000_i1000,Yelp,1,lxr,mainstream,False,0.6187499761581421,,
YelpDense_u2000_i1000,Yelp,1,lxr,niche,False,0.4779999852180481,,
YelpDense_u2000_i1000,Yelp,1,lxr,mainstream,False,0.8659999966621399,,
YelpDense_u2000_i1000,Yelp,1,lxr,niche,False,0.0949999988079071,,
YelpDense_u2000_i1000,Yelp,1,lxr,mainstream,True,0.6820000410079956,-0.3571428571428571,0.3571428571428571
YelpDense_u2000_i1000,Yelp,1,lxr,mainstream,False,0.5770000219345093,,
YelpDense_u2000_i1000,Yelp,1,lxr,mainstream,False,0.4182499945163727,,
YelpDense_u2000_i1000,Yelp,1,lxr,mainstream,False,0.7790000438690186,,
YelpDense_u2000_i1000,Yelp,1,lxr,mainstream,False,0.4909999966621399,,
YelpDense_u2000_i1000,Yelp,1,lxr,mainstream,False,0.8215000033378601,,
YelpDense_u2000_i1000,Yelp,1,lxr,mainstream,False,0.5772500038146973,,
YelpDense_u2000_i1000,Yelp,1,lxr,niche,True,0.0144999995827674,0.5,0.5
YelpDense_u2000_i1000,Yelp,1,lxr,niche,False,0.4779999852180481,,
YelpDense_u2000_i1000,Yelp,1,lxr,mainstream,False,0.7789999842643738,,
YelpDense_u2000_i1000,Yelp,1,lxr,niche,False,0.6019999980926514,,
YelpDense_u2000_i1000,Yelp,1,lxr,mainstream,False,0.8115000128746033,,
YelpDense_u2000_i1000,Yelp,1,lxr,niche,False,0.5895000100135803,,
YelpDense_u2000_i1000,Yelp,1,lxr,niche,False,0.6019999980926514,,
YelpDense_u2000_i1000,Yelp,1,lxr,niche,False,0.0144999995827674,,
YelpDense_u2000_i1000,Yelp,1,lxr,niche,False,0.5475000143051147,,
YelpDense_u2000_i1000,Yelp,1,lxr,niche,False,0.6019999980926514,,
YelpDense_u2000_i1000,Yelp,1,loo,mainstream,False,0.6675000190734863,,
YelpDense_u2000_i1000,Yelp,1,loo,niche,False,0.6965000033378601,,
YelpDense_u2000_i1000,Yelp,1,loo,mainstream,False,0.753250002861023,,
YelpDense_u2000_i1000,Yelp,1,loo,mainstream,True,0.3382499814033508,-0.0999999999999999,0.0999999999999999
YelpDense_u2000_i1000,Yelp,1,loo,niche,True,0.1059999987483024,-0.1666666666666666,0.1666666666666666
YelpDense_u2000_i1000,Yelp,1,loo,mainstream,False,0.9282499551773072,,
YelpDense_u2000_i1000,Yelp,1,loo,niche,True,0.3179999887943268,0.1818181818181818,0.1818181818181818
YelpDense_u2000_i1000,Yelp,1,loo,niche,True,0.4779999852180481,0.381578947368421,0.381578947368421
YelpDense_u2000_i1000,Yelp,1,loo,niche,False,0.6965000033378601,,
YelpDense_u2000_i1000,Yelp,1,loo,mainstream,False,0.8224999904632568,,
YelpDense_u2000_i1000,Yelp,1,loo,niche,False,0.4779999852180481,,
YelpDense_u2000_i1000,Yelp,1,loo,mainstream,True,0.3585000038146972,0.3,0.3
YelpDense_u2000_i1000,Yelp,1,loo,niche,False,0.5352500081062317,,
YelpDense_u2000_i1000,Yelp,1,loo,mainstream,False,0.5180000066757202,,
YelpDense_u2000_i1000,Yelp,1,loo,mainstream,True,0.7705000042915344,0.0714285714285714,0.0714285714285714
YelpDense_u2000_i1000,Yelp,1,loo,niche,True,0.0617500022053718,0.1875,0.1875
YelpDense_u2000_i1000,Yelp,1,loo,niche,True,0.1059999987483024,0.4,0.4
YelpDense_u2000_i1000,Yelp,1,loo,mainstream,False,0.7789999842643738,,
YelpDense_u2000_i1000,Yelp,1,loo,mainstream,False,0.7789999842643738,,
YelpDense_u2000_i1000,Yelp,1,loo,mainstream,False,0.7789999842643738,,
YelpDense_u2000_i1000,Yelp,1,loo,mainstream,False,0.8320000171661377,,
YelpDense_u2000_i1000,Yelp,1,loo,niche,False,0.4440000057220459,,
YelpDense_u2000_i1000,Yelp,1,loo,mainstream,False,0.7875000238418579,,
YelpDense_u2000_i1000,Yelp,1,loo,mainstream,False,0.8544999957084656,,
YelpDense_u2000_i1000,Yelp,1,loo,niche,False,0.4440000057220459,,
YelpDense_u2000_i1000,Yelp,1,loo,mainstream,False,0.8544999957084656,,
YelpDense_u2000_i1000,Yelp,1,loo,niche,True,0.0555000007152557,0.0416666666666666,0.0694444527228673
YelpDense_u2000_i1000,Yelp,1,loo,mainstream,True,0.4440000057220459,-0.0230769230769231,0.0569230676843569
YelpDense_u2000_i1000,Yelp,1,loo,niche,False,0.3817499876022339,,
YelpDense_u2000_i1000,Yelp,1,loo,mainstream,True,0.8037500381469727,0.1250000000000001,0.125
YelpDense_u2000_i1000,Yelp,1,loo,niche,True,0.1957499980926513,0.0999999999999999,0.0999999999999999
YelpDense_u2000_i1000,Yelp,1,loo,mainstream,False,0.874500036239624,,
YelpDense_u2000_i1000,Yelp,1,loo,niche,False,0.753250002861023,,
YelpDense_u2000_i1000,Yelp,1,loo,niche,False,0.5770000219345093,,
YelpDense_u2000_i1000,Yelp,1,loo,mainstream,False,0.6355000138282776,,
YelpDense_u2000_i1000,Yelp,1,loo,mainstream,True,0.6019999980926514,0.5,0.5
YelpDense_u2000_i1000,Yelp,1,loo,niche,True,0.1169999986886978,0.3,0.3
YelpDense_u2000_i1000,Yelp,1,loo,niche,True,0.2960000038146972,0.25,0.25
YelpDense_u2000_i1000,Yelp,1,loo,mainstream,True,0.5180000066757202,0.0641025641025641,0.0897435947106434
YelpDense_u2000_i1000,Yelp,1,loo,niche,True,0.0109999999403953,0.1909090909090908,0.1909090953794392
YelpDense_u2000_i1000,Yelp,1,loo,mainstream,False,0.8274999856948853,,
YelpDense_u2000_i1000,Yelp,1,loo,mainstream,False,0.8970000147819519,,
YelpDense_u2000_i1000,Yelp,1,loo,mainstream,False,0.8862500190734863,,
YelpDense_u2000_i1000,Yelp,1,loo,niche,True,0.2464999854564666,0.1999999999999999,0.1999999999999999
YelpDense_u2000_i1000,Yelp,1,loo,mainstream,False,0.843500018119812,,
YelpDense_u2000_i1000,Yelp,1,loo,mainstream,True,0.5180000066757202,-0.0111111111111111,0.0599999949336052
YelpDense_u2000_i1000,Yelp,1,loo,niche,True,0.3179999887943268,0.0909090909090908,0.2045454545454545
YelpDense_u2000_i1000,Yelp,1,loo,niche,True,0.6019999980926514,0.4285714285714286,0.4285714285714285
YelpDense_u2000_i1000,Yelp,1,loo,mainstream,True,0.6355000138282776,0.4399999999999999,0.44
YelpDense_u2000_i1000,Yelp,1,loo,niche,False,0.7250000238418579,,
YelpDense_u2000_i1000,Yelp,1,loo,mainstream,True,0.4050000011920929,0.3125,0.3125
YelpDense_u2000_i1000,Yelp,1,loo,niche,False,0.0949999988079071,,
YelpDense_u2000_i1000,Yelp,1,loo,niche,False,0.7250000238418579,,
YelpDense_u2000_i1000,Yelp,1,loo,niche,False,0.1169999986886978,,
YelpDense_u2000_i1000,Yelp,1,loo,niche,False,0.5180000066757202,,
YelpDense_u2000_i1000,Yelp,1,loo,niche,False,0.7620000243186951,,
YelpDense_u2000_i1000,Yelp,1,loo,niche,True,0.0144999995827674,0.1190476190476189,0.1190476240146728
YelpDense_u2000_i1000,Yelp,1,loo,niche,False,0.4779999852180481,,
YelpDense_u2000_i1000,Yelp,1,loo,mainstream,False,0.7960000038146973,,
YelpDense_u2000_i1000,Yelp,1,loo,mainstream,True,0.7395000457763672,0.2,0.2000000049670537
YelpDense_u2000_i1000,Yelp,1,loo,niche,True,0.5895000100135803,0.2727272727272727,0.2727272727272727
YelpDense_u2000_i1000,Yelp,1,loo,niche,False,0.4244999885559082,,
YelpDense_u2000_i1000,Yelp,1,loo,niche,True,0.5770000219345093,0.3026315789473683,0.3026315789473683
YelpDense_u2000_i1000,Yelp,1,loo,niche,False,0.5180000066757202,,
YelpDense_u2000_i1000,Yelp,1,loo,mainstream,False,0.877750039100647,,
YelpDense_u2000_i1000,Yelp,1,loo,niche,False,0.6820000410079956,,
YelpDense_u2000_i1000,Yelp,1,loo,niche,False,0.7444999814033508,,
YelpDense_u2000_i1000,Yelp,1,loo,mainstream,False,0.8825000524520874,,
YelpDense_u2000_i1000,Yelp,1,loo,niche,False,0.6019999980926514,,
YelpDense_u2000_i1000,Yelp,1,loo,mainstream,False,0.843500018119812,,
YelpDense_u2000_i1000,Yelp,1,loo,niche,False,0.2189999967813491,,
YelpDense_u2000_i1000,Yelp,1,loo,mainstream,False,0.6660000085830688,,
YelpDense_u2000_i1000,Yelp,1,loo,niche,True,0.5770000219345093,0.28125,0.28125
YelpDense_u2000_i1000,Yelp,1,loo,mainstream,False,0.6675000190734863,,
YelpDense_u2000_i1000,Yelp,1,loo,niche,False,0.4779999852180481,,
YelpDense_u2000_i1000,Yelp,1,loo,mainstream,False,0.6187499761581421,,
YelpDense_u2000_i1000,Yelp,1,loo,niche,True,0.1169999986886978,0.2142857142857143,0.2142857142857143
YelpDense_u2000_i1000,Yelp,1,loo,niche,False,0.5525000095367432,,
YelpDense_u2000_i1000,Yelp,1,loo,mainstream,False,0.8320000171661377,,
YelpDense_u2000_i1000,Yelp,1,loo,mainstream,False,0.6187499761581421,,
YelpDense_u2000_i1000,Yelp,1,loo,niche,False,0.4779999852180481,,
YelpDense_u2000_i1000,Yelp,1,loo,mainstream,False,0.8659999966621399,,
YelpDense_u2000_i1000,Yelp,1,loo,niche,True,0.0949999988079071,0.0555555555555555,0.0555555555555555
YelpDense_u2000_i1000,Yelp,1,loo,mainstream,True,0.6820000410079956,0.0357142857142857,0.0803571428571428
YelpDense_u2000_i1000,Yelp,1,loo,mainstream,False,0.5770000219345093,,
YelpDense_u2000_i1000,Yelp,1,loo,mainstream,False,0.4182499945163727,,
YelpDense_u2000_i1000,Yelp,1,loo,mainstream,False,0.7790000438690186,,
YelpDense_u2000_i1000,Yelp,1,loo,mainstream,False,0.4909999966621399,,
YelpDense_u2000_i1000,Yelp,1,loo,mainstream,False,0.8215000033378601,,
YelpDense_u2000_i1000,Yelp,1,loo,mainstream,False,0.5772500038146973,,
YelpDense_u2000_i1000,Yelp,1,loo,niche,True,0.0144999995827674,0.5,0.5
YelpDense_u2000_i1000,Yelp,1,loo,niche,False,0.4779999852180481,,
YelpDense_u2000_i1000,Yelp,1,loo,mainstream,False,0.7789999842643738,,
YelpDense_u2000_i1000,Yelp,1,loo,niche,False,0.6019999980926514,,
YelpDense_u2000_i1000,Yelp,1,loo,mainstream,False,0.8115000128746033,,
YelpDense_u2000_i1000,Yelp,1,loo,niche,False,0.5895000100135803,,
YelpDense_u2000_i1000,Yelp,1,loo,niche,True,0.6019999980926514,0.0999999999999999,0.1552380901717004
YelpDense_u2000_i1000,Yelp,1,loo,niche,True,0.0144999995827674,0.3888888888888888,0.3888888938559425
YelpDense_u2000_i1000,Yelp,1,loo,niche,False,0.5475000143051147,,
YelpDense_u2000_i1000,Yelp,1,loo,niche,False,0.6019999980926514,,
YelpDense_u2000_i1000,Yelp,2,lxr,niche,False,0.3179999887943268,,
YelpDense_u2000_i1000,Yelp,2,lxr,mainstream,True,0.3809999823570251,0.3333333333333333,0.3333333333333333
YelpDense_u2000_i1000,Yelp,2,lxr,niche,False,0.1724999994039535,,
YelpDense_u2000_i1000,Yelp,2,lxr,mainstream,True,0.4440000057220459,-0.1153846153846153,0.1153846153846153
YelpDense_u2000_i1000,Yelp,2,lxr,niche,False,0.0085000004619359,,
YelpDense_u2000_i1000,Yelp,2,lxr,mainstream,False,0.8544999957084656,,
YelpDense_u2000_i1000,Yelp,2,lxr,mainstream,True,0.4440000057220459,0.326923076923077,0.3269230769230769
YelpDense_u2000_i1000,Yelp,2,lxr,niche,False,0.0877500027418136,,
YelpDense_u2000_i1000,Yelp,2,lxr,niche,False,0.0877500027418136,,
YelpDense_u2000_i1000,Yelp,2,lxr,niche,False,0.4779999852180481,,
YelpDense_u2000_i1000,Yelp,2,lxr,mainstream,False,0.6660000085830688,,
YelpDense_u2000_i1000,Yelp,2,lxr,mainstream,True,0.6965000033378601,-0.3,0.3
YelpDense_u2000_i1000,Yelp,2,lxr,mainstream,False,0.7705000042915344,,
YelpDense_u2000_i1000,Yelp,2,lxr,niche,False,0.0949999988079071,,
YelpDense_u2000_i1000,Yelp,2,lxr,niche,False,0.5180000066757202,,
YelpDense_u2000_i1000,Yelp,2,lxr,niche,True,0.0949999988079071,-0.1428571428571428,0.1428571428571428
YelpDense_u2000_i1000,Yelp,2,lxr,niche,True,0.015999998897314,0.0,0.0
YelpDense_u2000_i1000,Yelp,2,lxr,niche,False,0.3817499876022339,,
YelpDense_u2000_i1000,Yelp,2,lxr,niche,True,0.1169999986886978,0.2142857142857143,0.2142857142857143
YelpDense_u2000_i1000,Yelp,2,lxr,mainstream,False,0.8320000171661377,,
YelpDense_u2000_i1000,Yelp,2,lxr,niche,False,0.4779999852180481,,
YelpDense_u2000_i1000,Yelp,2,lxr,niche,False,0.2189999967813491,,
YelpDense_u2000_i1000,Yelp,2,lxr,mainstream,True,0.5772500038146973,0.4642857142857143,0.4642857142857143
YelpDense_u2000_i1000,Yelp,2,lxr,mainstream,False,0.6965000033378601,,
YelpDense_u2000_i1000,Yelp,2,lxr,niche,False,0.3585000038146972,,
YelpDense_u2000_i1000,Yelp,2,lxr,niche,True,0.5895000100135803,0.0092592592592591,0.1018518435734289
YelpDense_u2000_i1000,Yelp,2,lxr,mainstream,False,0.7875000238418579,,
YelpDense_u2000_i1000,Yelp,2,lxr,mainstream,False,0.6355000138282776,,
YelpDense_u2000_i1000,Yelp,2,lxr,mainstream,False,0.6187499761581421,,
YelpDense_u2000_i1000,Yelp,2,lxr,mainstream,False,0.7789999842643738,,
YelpDense_u2000_i1000,Yelp,2,lxr,mainstream,False,0.8755000233650208,,
YelpDense_u2000_i1000,Yelp,2,lxr,mainstream,False,0.6675000190734863,,
YelpDense_u2000_i1000,Yelp,2,lxr,niche,False,0.5180000066757202,,
YelpDense_u2000_i1000,Yelp,2,lxr,niche,False,0.4440000057220459,,
YelpDense_u2000_i1000,Yelp,2,lxr,niche,False,0.7620000243186951,,
YelpDense_u2000_i1000,Yelp,2,lxr,niche,False,0.2189999967813491,,
YelpDense_u2000_i1000,Yelp,2,lxr,niche,True,0.0949999988079071,0.1666666666666666,0.1666666666666666
YelpDense_u2000_i1000,Yelp,2,lxr,niche,False,0.4979999959468841,,
YelpDense_u2000_i1000,Yelp,2,lxr,mainstream,False,0.8037500381469727,,
YelpDense_u2000_i1000,Yelp,2,lxr,mainstream,False,0.9282499551773072,,
YelpDense_u2000_i1000,Yelp,2,lxr,niche,False,0.5525000095367432,,
YelpDense_u2000_i1000,Yelp,2,lxr,niche,False,0.4779999852180481,,
YelpDense_u2000_i1000,Yelp,2,lxr,niche,True,0.0144999995827674,0.25,0.25
YelpDense_u2000_i1000,Yelp,2,lxr,niche,False,0.4779999852180481,,
YelpDense_u2000_i1000,Yelp,2,lxr,niche,True,0.1957499980926513,-0.1999999999999999,0.1999999999999999
YelpDense_u2000_i1000,Yelp,2,lxr,mainstream,True,0.4050000011920929,0.2777777777777778,0.2777777827448315
YelpDense_u2000_i1000,Yelp,2,lxr,mainstream,False,0.5180000066757202,,
YelpDense_u2000_i1000,Yelp,2,lxr,niche,True,0.1724999994039535,0.0714285714285714,0.0714285714285714
YelpDense_u2000_i1000,Yelp,2,lxr,mainstream,False,0.8215000033378601,,
YelpDense_u2000_i1000,Yelp,2,lxr,niche,False,0.3179999887943268,,
YelpDense_u2000_i1000,Yelp,2,lxr,niche,False,0.4779999852180481,,
YelpDense_u2000_i1000,Yelp,2,lxr,niche,False,0.0144999995827674,,
YelpDense_u2000_i1000,Yelp,2,lxr,niche,True,0.3585000038146972,0.4285714285714286,0.4285714285714285
YelpDense_u2000_i1000,Yelp,2,lxr,mainstream,False,0.8544999957084656,,
YelpDense_u2000_i1000,Yelp,2,lxr,mainstream,True,0.4050000011920929,0.5,0.5
YelpDense_u2000_i1000,Yelp,2,lxr,mainstream,False,0.843500018119812,,
YelpDense_u2000_i1000,Yelp,2,lxr,niche,True,0.0144999995827674,-0.1071428571428571,0.1071428571428571
YelpDense_u2000_i1000,Yelp,2,lxr,mainstream,False,0.7960000038146973,,
YelpDense_u2000_i1000,Yelp,2,lxr,mainstream,False,0.5895000100135803,,
YelpDense_u2000_i1000,Yelp,2,lxr,niche,False,0.6187499761581421,,
YelpDense_u2000_i1000,Yelp,2,lxr,niche,False,0.6987500190734863,,
YelpDense_u2000_i1000,Yelp,2,lxr,mainstream,False,0.9380000233650208,,
YelpDense_u2000_i1000,Yelp,2,lxr,mainstream,False,0.7377499938011169,,
YelpDense_u2000_i1000,Yelp,2,lxr,mainstream,False,0.8659999966621399,,
YelpDense_u2000_i1000,Yelp,2,lxr,mainstream,False,0.8320000171661377,,
YelpDense_u2000_i1000,Yelp,2,lxr,mainstream,True,0.4050000011920929,-0.0454545454545454,0.0454545454545454
YelpDense_u2000_i1000,Yelp,2,lxr,mainstream,True,0.5770000219345093,0.1842105263157895,0.1842105263157895
YelpDense_u2000_i1000,Yelp,2,lxr,mainstream,False,0.8320000171661377,,
YelpDense_u2000_i1000,Yelp,2,lxr,mainstream,False,0.5767500400543213,,
YelpDense_u2000_i1000,Yelp,2,lxr,mainstream,False,0.3179999887943268,,
YelpDense_u2000_i1000,Yelp,2,lxr,mainstream,True,0.3585000038146972,0.0999999999999999,0.25
YelpDense_u2000_i1000,Yelp,2,lxr,mainstream,True,0.7682499885559082,-0.0230769230769231,0.0661538464518693
YelpDense_u2000_i1000,Yelp,2,lxr,mainstream,False,0.753250002861023,,
YelpDense_u2000_i1000,Yelp,2,lxr,niche,False,0.753250002861023,,
YelpDense_u2000_i1000,Yelp,2,lxr,mainstream,False,0.5770000219345093,,
YelpDense_u2000_i1000,Yelp,2,lxr,mainstream,False,0.8215000033378601,,
YelpDense_u2000_i1000,Yelp,2,lxr,niche,False,0.0280000008642673,,
YelpDense_u2000_i1000,Yelp,2,lxr,mainstream,True,0.8825000524520874,0.21875,0.21875
YelpDense_u2000_i1000,Yelp,2,lxr,mainstream,False,0.6514999866485596,,
YelpDense_u2000_i1000,Yelp,2,lxr,niche,False,0.3817499876022339,,
YelpDense_u2000_i1000,Yelp,2,lxr,niche,False,0.4779999852180481,,
YelpDense_u2000_i1000,Yelp,2,lxr,mainstream,False,0.8544999957084656,,
YelpDense_u2000_i1000,Yelp,2,lxr,niche,False,0.7444999814033508,,
YelpDense_u2000_i1000,Yelp,2,lxr,niche,True,0.0144999995827674,0.1428571428571428,0.1428571428571428
YelpDense_u2000_i1000,Yelp,2,lxr,niche,True,0.5525000095367432,-0.3857142857142857,0.3857142857142857
YelpDense_u2000_i1000,Yelp,2,lxr,niche,True,0.2189999967813491,0.3095238095238096,0.3095238144908632
YelpDense_u2000_i1000,Yelp,2,lxr,niche,False,0.2464999854564666,,
YelpDense_u2000_i1000,Yelp,2,lxr,mainstream,False,0.7960000038146973,,
YelpDense_u2000_i1000,Yelp,2,lxr,niche,True,0.0144999995827674,0.0576923076923077,0.0769230769230769
YelpDense_u2000_i1000,Yelp,2,lxr,mainstream,False,0.8377500176429749,,
YelpDense_u2000_i1000,Yelp,2,lxr,niche,False,0.1059999987483024,,
YelpDense_u2000_i1000,Yelp,2,lxr,niche,False,0.1169999986886978,,
YelpDense_u2000_i1000,Yelp,2,lxr,mainstream,False,0.8895000219345093,,
YelpDense_u2000_i1000,Yelp,2,lxr,mainstream,True,0.4909999966621399,0.4,0.4
YelpDense_u2000_i1000,Yelp,2,lxr,niche,False,0.5180000066757202,,
YelpDense_u2000_i1000,Yelp,2,lxr,niche,False,0.5180000066757202,,
YelpDense_u2000_i1000,Yelp,2,lxr,niche,False,0.2464999854564666,,
YelpDense_u2000_i1000,Yelp,2,lxr,niche,False,0.7250000238418579,,
YelpDense_u2000_i1000,Yelp,2,lxr,mainstream,False,0.5352500081062317,,
YelpDense_u2000_i1000,Yelp,2,lxr,mainstream,True,0.6802500486373901,0.3125,0.3125
YelpDense_u2000_i1000,Yelp,2,loo,niche,False,0.3179999887943268,,
YelpDense_u2000_i1000,Yelp,2,loo,mainstream,True,0.3809999823570251,0.5,0.5
YelpDense_u2000_i1000,Yelp,2,loo,niche,True,0.1724999994039535,-0.0849056603773584,0.0849056603773584
YelpDense_u2000_i1000,Yelp,2,loo,mainstream,True,0.4440000057220459,0.0,0.0961538461538461
YelpDense_u2000_i1000,Yelp,2,loo,niche,False,0.0085000004619359,,
YelpDense_u2000_i1000,Yelp,2,loo,mainstream,False,0.8544999957084656,,
YelpDense_u2000_i1000,Yelp,2,loo,mainstream,True,0.4440000057220459,0.2692307692307691,0.2692307692307692
YelpDense_u2000_i1000,Yelp,2,loo,niche,False,0.0877500027418136,,
YelpDense_u2000_i1000,Yelp,2,loo,niche,False,0.0877500027418136,,
YelpDense_u2000_i1000,Yelp,2,loo,niche,False,0.4779999852180481,,
YelpDense_u2000_i1000,Yelp,2,loo,mainstream,False,0.6660000085830688,,
YelpDense_u2000_i1000,Yelp,2,loo,mainstream,True,0.6965000033378601,-0.3,0.3
YelpDense_u2000_i1000,Yelp,2,loo,mainstream,False,0.7705000042915344,,
YelpDense_u2000_i1000,Yelp,2,loo,niche,False,0.0949999988079071,,
YelpDense_u2000_i1000,Yelp,2,loo,niche,False,0.5180000066757202,,
YelpDense_u2000_i1000,Yelp,2,loo,niche,True,0.0949999988079071,0.119047619047619,0.119047619047619
YelpDense_u2000_i1000,Yelp,2,loo,niche,True,0.015999998897314,0.5,0.5
YelpDense_u2000_i1000,Yelp,2,loo,niche,False,0.3817499876022339,,
YelpDense_u2000_i1000,Yelp,2,loo,niche,True,0.1169999986886978,0.1428571428571429,0.1517857142857143
YelpDense_u2000_i1000,Yelp,2,loo,mainstream,False,0.8320000171661377,,
YelpDense_u2000_i1000,Yelp,2,loo,niche,False,0.4779999852180481,,
YelpDense_u2000_i1000,Yelp,2,loo,niche,True,0.2189999967813491,0.4230769230769231,0.4230769230769231
YelpDense_u2000_i1000,Yelp,2,loo,mainstream,True,0.5772500038146973,0.3214285714285715,0.3214285714285714
YelpDense_u2000_i1000,Yelp,2,loo,mainstream,True,0.6965000033378601,0.106060606060606,0.1161616078831932
YelpDense_u2000_i1000,Yelp,2,loo,niche,False,0.3585000038146972,,
YelpDense_u2000_i1000,Yelp,2,loo,niche,False,0.5895000100135803,,
YelpDense_u2000_i1000,Yelp,2,loo,mainstream,False,0.7875000238418579,,
YelpDense_u2000_i1000,Yelp,2,loo,mainstream,True,0.6355000138282776,0.423076923076923,0.4230769275472714
YelpDense_u2000_i1000,Yelp,2,loo,mainstream,False,0.6187499761581421,,
YelpDense_u2000_i1000,Yelp,2,loo,mainstream,False,0.7789999842643738,,
YelpDense_u2000_i1000,Yelp,2,loo,mainstream,False,0.8755000233650208,,
YelpDense_u2000_i1000,Yelp,2,loo,mainstream,False,0.6675000190734863,,
YelpDense_u2000_i1000,Yelp,2,loo,niche,True,0.5180000066757202,0.1833333333333333,0.1833333333333333
YelpDense_u2000_i1000,Yelp,2,loo,niche,True,0.4440000057220459,0.14,0.1399999999999999
YelpDense_u2000_i1000,Yelp,2,loo,niche,False,0.7620000243186951,,
YelpDense_u2000_i1000,Yelp,2,loo,niche,False,0.2189999967813491,,
YelpDense_u2000_i1000,Yelp,2,loo,niche,True,0.0949999988079071,0.1666666666666666,0.1666666666666666
YelpDense_u2000_i1000,Yelp,2,loo,niche,True,0.4979999959468841,0.2647058823529411,0.2647058868232895
YelpDense_u2000_i1000,Yelp,2,loo,mainstream,False,0.8037500381469727,,
YelpDense_u2000_i1000,Yelp,2,loo,mainstream,False,0.9282499551773072,,
YelpDense_u2000_i1000,Yelp,2,loo,niche,False,0.5525000095367432,,
YelpDense_u2000_i1000,Yelp,2,loo,niche,False,0.4779999852180481,,
YelpDense_u2000_i1000,Yelp,2,loo,niche,False,0.0144999995827674,,
YelpDense_u2000_i1000,Yelp,2,loo,niche,False,0.4779999852180481,,
YelpDense_u2000_i1000,Yelp,2,loo,niche,False,0.1957499980926513,,
YelpDense_u2000_i1000,Yelp,2,loo,mainstream,False,0.4050000011920929,,
YelpDense_u2000_i1000,Yelp,2,loo,mainstream,False,0.5180000066757202,,
YelpDense_u2000_i1000,Yelp,2,loo,niche,True,0.1724999994039535,0.3571428571428571,0.3571428571428571
YelpDense_u2000_i1000,Yelp,2,loo,mainstream,False,0.8215000033378601,,
YelpDense_u2000_i1000,Yelp,2,loo,niche,False,0.3179999887943268,,
YelpDense_u2000_i1000,Yelp,2,loo,niche,False,0.4779999852180481,,
YelpDense_u2000_i1000,Yelp,2,loo,niche,True,0.0144999995827674,0.1666666666666666,0.25
YelpDense_u2000_i1000,Yelp,2,loo,niche,True,0.3585000038146972,0.1428571428571428,0.1428571428571428
YelpDense_u2000_i1000,Yelp,2,loo,mainstream,False,0.8544999957084656,,
YelpDense_u2000_i1000,Yelp,2,loo,mainstream,True,0.4050000011920929,0.5,0.5
YelpDense_u2000_i1000,Yelp,2,loo,mainstream,False,0.843500018119812,,
YelpDense_u2000_i1000,Yelp,2,loo,niche,False,0.0144999995827674,,
YelpDense_u2000_i1000,Yelp,2,loo,mainstream,False,0.7960000038146973,,
YelpDense_u2000_i1000,Yelp,2,loo,mainstream,False,0.5895000100135803,,
YelpDense_u2000_i1000,Yelp,2,loo,niche,False,0.6187499761581421,,
YelpDense_u2000_i1000,Yelp,2,loo,niche,False,0.6987500190734863,,
YelpDense_u2000_i1000,Yelp,2,loo,mainstream,False,0.9380000233650208,,
YelpDense_u2000_i1000,Yelp,2,loo,mainstream,False,0.7377499938011169,,
YelpDense_u2000_i1000,Yelp,2,loo,mainstream,False,0.8659999966621399,,
YelpDense_u2000_i1000,Yelp,2,loo,mainstream,False,0.8320000171661377,,
YelpDense_u2000_i1000,Yelp,2,loo,mainstream,True,0.4050000011920929,0.2878787878787879,0.2878787928458415
YelpDense_u2000_i1000,Yelp,2,loo,mainstream,True,0.5770000219345093,0.3157894736842105,0.3157894736842105
YelpDense_u2000_i1000,Yelp,2,loo,mainstream,False,0.8320000171661377,,
YelpDense_u2000_i1000,Yelp,2,loo,mainstream,False,0.5767500400543213,,
YelpDense_u2000_i1000,Yelp,2,loo,mainstream,False,0.3179999887943268,,
YelpDense_u2000_i1000,Yelp,2,loo,mainstream,True,0.3585000038146972,0.3000000000000001,0.3000000049670537
YelpDense_u2000_i1000,Yelp,2,loo,mainstream,True,0.7682499885559082,-0.0256410256410256,0.111111119389534
YelpDense_u2000_i1000,Yelp,2,loo,mainstream,False,0.753250002861023,,
YelpDense_u2000_i1000,Yelp,2,loo,niche,False,0.753250002861023,,
YelpDense_u2000_i1000,Yelp,2,loo,mainstream,False,0.5770000219345093,,
YelpDense_u2000_i1000,Yelp,2,loo,mainstream,False,0.8215000033378601,,
YelpDense_u2000_i1000,Yelp,2,loo,niche,False,0.0280000008642673,,
YelpDense_u2000_i1000,Yelp,2,loo,mainstream,True,0.8825000524520874,0.359375,0.359375
YelpDense_u2000_i1000,Yelp,2,loo,mainstream,False,0.6514999866485596,,
YelpDense_u2000_i1000,Yelp,2,loo,niche,False,0.3817499876022339,,
YelpDense_u2000_i1000,Yelp,2,loo,niche,True,0.4779999852180481,0.1722222222222222,0.1722222222222222
YelpDense_u2000_i1000,Yelp,2,loo,mainstream,True,0.8544999957084656,-0.0396825396825397,0.1507936590720736
YelpDense_u2000_i1000,Yelp,2,loo,niche,False,0.7444999814033508,,
YelpDense_u2000_i1000,Yelp,2,loo,niche,True,0.0144999995827674,0.5,0.5
YelpDense_u2000_i1000,Yelp,2,loo,niche,True,0.5525000095367432,0.5,0.5
YelpDense_u2000_i1000,Yelp,2,loo,niche,True,0.2189999967813491,0.1428571428571428,0.1785714285714285
YelpDense_u2000_i1000,Yelp,2,loo,niche,False,0.2464999854564666,,
YelpDense_u2000_i1000,Yelp,2,loo,mainstream,False,0.7960000038146973,,
YelpDense_u2000_i1000,Yelp,2,loo,niche,True,0.0144999995827674,0.3461538461538461,0.3461538461538461
YelpDense_u2000_i1000,Yelp,2,loo,mainstream,False,0.8377500176429749,,
YelpDense_u2000_i1000,Yelp,2,loo,niche,False,0.1059999987483024,,
YelpDense_u2000_i1000,Yelp,2,loo,niche,False,0.1169999986886978,,
YelpDense_u2000_i1000,Yelp,2,loo,mainstream,False,0.8895000219345093,,
YelpDense_u2000_i1000,Yelp,2,loo,mainstream,True,0.4909999966621399,0.4,0.4
YelpDense_u2000_i1000,Yelp,2,loo,niche,False,0.5180000066757202,,
YelpDense_u2000_i1000,Yelp,2,loo,niche,False,0.5180000066757202,,
YelpDense_u2000_i1000,Yelp,2,loo,niche,True,0.2464999854564666,0.1599999999999999,0.1600000044703483
YelpDense_u2000_i1000,Yelp,2,loo,niche,False,0.7250000238418579,,
YelpDense_u2000_i1000,Yelp,2,loo,mainstream,False,0.5352500081062317,,
YelpDense_u2000_i1000,Yelp,2,loo,mainstream,True,0.6802500486373901,0.375,0.375
